item_id,order_id,product_id,quantity,unit_price,discount_percent
ITEM000001,ORD00905,PROD0240,-3,59945.25,17.95
ITEM000002,ORD00169,PROD0302,-5,51478.8,32.18
ITEM000003,ORD00567,PROD0234,-1,28753.29,18.01
ITEM000004,ORD01119,PROD0206,-3,14874.96,16.46
ITEM000005,ORD00620,PROD0282,-2,53870.0,49.9
ITEM000006,ORD01467,PROD0557,-3,19773.82,14.97
ITEM000007,ORD00710,PROD0414,-4,39625.11,37.89
ITEM000008,ORD00025,PROD0484,-5,8761.55,47.57
ITEM000009,ORD00815,PROD0234,-2,41721.94,10.49
ITEM000010,ORD00479,PROD0529,-5,59461.73,37.88
ITEM000011,ORD01480,PROD0473,-3,57038.57,15.65
ITEM000012,ORD00385,PROD0440,-4,20278.13,22.5
ITEM000013,ORD01144,PROD0031,-3,39448.15,43.69
ITEM000014,ORD00626,PROD0010,-4,72914.81,41.71
ITEM000015,ORD00696,PROD0231,-4,7205.96,37.63
ITEM000016,ORD01415,PROD0551,-3,21577.29,1.16
ITEM000017,ORD00066,PROD0143,-2,5006.1,49.71
ITEM000018,ORD01164,PROD0588,-4,35717.82,10.21
ITEM000019,ORD00801,PROD0066,-5,28825.55,23.74
ITEM000020,ORD00674,PROD0584,-4,16839.71,15.23
ITEM000021,ORD00352,PROD0107,-5,9546.85,41.32
ITEM000022,ORD01236,PROD0501,-1,6638.05,3.47
ITEM000023,ORD00791,PROD0291,-2,15974.8,32.98
ITEM000024,ORD00144,PROD0466,-1,61645.05,0.55
ITEM000025,ORD00670,PROD0421,-4,7819.7,5.54
ITEM000026,ORD01099,PROD0429,-4,14786.88,19.45
ITEM000027,ORD00423,PROD0134,-2,36735.55,40.89
ITEM000028,ORD01362,PROD0487,-2,60900.22,46.96
ITEM000029,ORD01204,PROD0208,-5,32672.9,22.95
ITEM000030,ORD00414,PROD0008,-2,27742.98,41.23
ITEM000031,ORD01239,PROD0253,-5,34315.29,28.46
ITEM000032,ORD01006,PROD0472,-4,63908.16,36.86
ITEM000033,ORD00590,PROD0468,-3,66027.71,35.58
ITEM000034,ORD00610,PROD0401,-5,70140.85,42.49
ITEM000035,ORD00851,PROD0256,-2,8358.29,36.66
ITEM000036,ORD00938,PROD0394,-2,74185.93,4.78
ITEM000037,ORD01431,PROD0045,-2,42064.89,7.9
ITEM000038,ORD01287,PROD0551,-3,26323.62,3.34
ITEM000039,ORD01488,PROD0223,-4,50328.66,38.09
ITEM000040,ORD00249,PROD0378,-1,64034.12,25.22
ITEM000041,ORD00668,PROD0420,-4,48955.62,10.37
ITEM000042,ORD00092,PROD0474,-1,24285.27,34.72
ITEM000043,ORD00946,PROD0391,-3,25022.5,42.79
ITEM000044,ORD00813,PROD0039,-1,18220.32,35.45
ITEM000045,ORD00280,PROD0335,-4,43071.95,3.41
ITEM000046,ORD01124,PROD0249,-4,20963.12,41.02
ITEM000047,ORD00331,PROD0175,-1,27517.6,8.86
ITEM000048,ORD00255,PROD0548,-4,10391.24,33.57
ITEM000049,ORD00023,PROD0280,-2,8138.35,8.9
ITEM000050,ORD01464,PROD0036,-5,13519.19,34.84
ITEM000051,ORD01301,PROD0536,-1,50909.37,15.42
ITEM000052,ORD00108,PROD0005,-1,30311.5,38.36
ITEM000053,ORD00512,PROD0384,-2,63613.43,0.8
ITEM000054,ORD00058,PROD0015,-3,53716.18,34.0
ITEM000055,ORD00130,PROD0226,-1,34573.32,41.52
ITEM000056,ORD00344,PROD0172,-1,13988.36,5.38
ITEM000057,ORD00670,PROD0331,-5,70681.45,31.23
ITEM000058,ORD01110,PROD0405,-4,53205.88,10.69
ITEM000059,ORD00731,PROD0332,-2,37735.51,32.7
ITEM000060,ORD00025,PROD0399,-2,65534.72,3.3
ITEM000061,ORD00571,PROD0378,-1,41754.97,10.93
ITEM000062,ORD00618,PROD0512,-1,32567.35,39.56
ITEM000063,ORD01166,PROD0176,-3,1698.4,29.99
ITEM000064,ORD01293,PROD0398,-2,60661.72,31.77
ITEM000065,ORD01409,PROD0326,-4,26489.87,0.88
ITEM000066,ORD01199,PROD0460,-4,4403.66,37.09
ITEM000067,ORD01032,PROD0014,-2,32368.57,37.95
ITEM000068,ORD00255,PROD0317,-2,45131.07,37.86
ITEM000069,ORD01270,PROD0082,-1,5419.24,24.94
ITEM000070,ORD00414,PROD0156,-4,31882.3,1.9
ITEM000071,ORD01486,PROD0455,-3,37136.62,15.88
ITEM000072,ORD00082,PROD0534,-4,7981.98,14.42
ITEM000073,ORD00049,PROD0235,-3,5366.17,10.29
ITEM000074,ORD00111,PROD0255,-2,56034.36,19.07
ITEM000075,ORD00659,PROD0188,-4,34594.72,3.23
ITEM000076,ORD01007,PROD0072,-2,31207.84,49.6
ITEM000077,ORD00419,PROD0129,-1,11314.1,27.44
ITEM000078,ORD00419,PROD0242,-5,14160.7,36.25
ITEM000079,ORD00638,PROD0169,-2,47874.63,8.82
ITEM000080,ORD00510,PROD0311,-3,53281.03,48.39
ITEM000081,ORD00413,PROD0279,-4,34845.09,48.63
ITEM000082,ORD00816,PROD0387,-2,54190.8,21.13
ITEM000083,ORD01249,PROD0444,-2,48830.52,39.68
ITEM000084,ORD00041,PROD0391,-4,26396.64,37.94
ITEM000085,ORD00615,PROD0551,-2,24737.62,8.78
ITEM000086,ORD00780,PROD0475,-3,6354.45,18.76
ITEM000087,ORD01242,PROD0493,-1,18914.68,35.74
ITEM000088,ORD00401,PROD0159,-2,23040.6,43.08
ITEM000089,ORD01496,PROD0384,-4,72763.55,20.79
ITEM000090,ORD00809,PROD0383,-4,62940.68,32.05
ITEM000091,ORD01205,PROD0073,-4,89010.64,49.62
ITEM000092,ORD00255,PROD0395,-5,42364.6,38.15
ITEM000093,ORD00523,PROD0357,-5,12132.01,31.75
ITEM000094,ORD00755,PROD0060,-4,87809.26,36.78
ITEM000095,ORD00497,PROD0490,-1,50544.31,18.07
ITEM000096,ORD01448,PROD0029,-2,22941.53,22.77
ITEM000097,ORD01395,PROD0151,-3,9587.66,28.92
ITEM000098,ORD01358,PROD0166,-1,14724.16,4.62
ITEM000099,ORD01458,PROD0394,-4,74477.46,48.71
ITEM000100,ORD00165,PROD0531,-2,50114.02,8.29
ITEM000101,ORD00875,PROD0259,-3,55220.4,26.66
ITEM000102,ORD00784,PROD0316,-4,1113.12,46.22
ITEM000103,ORD00183,PROD0112,-5,46254.78,17.22
ITEM000104,ORD00293,PROD0276,-2,40896.22,19.9
ITEM000105,ORD00631,PROD0007,-2,27630.52,0.08
ITEM000106,ORD00144,PROD0428,-5,27519.07,14.42
ITEM000107,ORD00883,PROD0175,-2,24022.45,35.2
ITEM000108,ORD00406,PROD0499,-2,38856.22,5.51
ITEM000109,ORD01162,PROD0218,-2,12395.28,37.5
ITEM000110,ORD00393,PROD0266,-4,2110.99,45.65
ITEM000111,ORD00224,PROD0171,-1,41167.8,18.89
ITEM000112,ORD00567,PROD0066,-3,22432.63,11.74
ITEM000113,ORD00994,PROD0104,-1,4616.72,37.59
ITEM000114,ORD00015,PROD0597,-1,39030.81,26.12
ITEM000115,ORD00015,PROD0385,-5,18697.02,48.1
ITEM000116,ORD00545,PROD0498,-4,40637.42,30.22
ITEM000117,ORD00690,PROD0380,-3,83020.33,40.84
ITEM000118,ORD00740,PROD0409,-4,368.57,48.77
ITEM000119,ORD00677,PROD0103,-1,33840.49,34.92
ITEM000120,ORD01486,PROD0143,-1,4151.82,43.45
ITEM000121,ORD00573,PROD0255,-3,51253.96,34.31
ITEM000122,ORD00974,PROD0528,-4,80566.95,0.16
ITEM000123,ORD01307,PROD0330,-1,67698.42,43.67
ITEM000124,ORD00667,PROD0455,-2,50072.15,20.01
ITEM000125,ORD01255,PROD0084,-3,24129.89,46.57
ITEM000126,ORD00976,PROD0103,-4,30554.34,9.75
ITEM000127,ORD00294,PROD0533,-5,90044.71,35.83
ITEM000128,ORD00066,PROD0131,-4,20374.2,15.07
ITEM000129,ORD01379,PROD0562,-4,28973.84,22.31
ITEM000130,ORD00237,PROD0494,-5,50821.51,10.58
ITEM000131,ORD01352,PROD0092,-1,66764.81,35.79
ITEM000132,ORD00329,PROD0335,-4,50176.23,11.02
ITEM000133,ORD00528,PROD0488,-1,60183.26,46.14
ITEM000134,ORD01298,PROD0504,-1,78378.21,16.64
ITEM000135,ORD00459,PROD0590,-5,29151.23,17.16
ITEM000136,ORD01470,PROD0391,-5,27823.17,21.85
ITEM000137,ORD00478,PROD0229,-3,26192.15,4.38
ITEM000138,ORD00183,PROD0349,-5,57122.15,37.23
ITEM000139,ORD00238,PROD0587,-3,60091.51,15.67
ITEM000140,ORD00779,PROD0591,-1,12517.93,29.5
ITEM000141,ORD00389,PROD0398,-4,60177.62,18.25
ITEM000142,ORD01392,PROD0130,-5,44962.0,29.54
ITEM000143,ORD00219,PROD0405,-1,69745.3,23.03
ITEM000144,ORD00297,PROD0304,-2,76773.28,22.79
ITEM000145,ORD01232,PROD0291,-2,21617.35,42.46
ITEM000146,ORD01440,PROD0036,-5,14496.42,25.12
ITEM000147,ORD01411,PROD0127,-3,66152.95,35.33
ITEM000148,ORD00980,PROD0221,-4,27738.41,48.32
ITEM000149,ORD00121,PROD0342,-2,69451.34,10.53
ITEM000150,ORD00461,PROD0054,-2,72151.95,36.37
ITEM000151,ORD00613,PROD0164,1,44867.94,16.87
ITEM000152,ORD01389,PROD0485,3,40491.53,19.55
ITEM000153,ORD01082,PROD0290,3,42479.95,9.75
ITEM000154,ORD01123,PROD0404,1,27588.76,37.61
ITEM000155,ORD01189,PROD0056,3,30847.37,8.18
ITEM000156,ORD00282,PROD0453,4,18959.61,7.24
ITEM000157,ORD00447,PROD0201,1,38719.74,42.81
ITEM000158,ORD00209,PROD0152,4,21763.2,21.36
ITEM000159,ORD00345,PROD0058,1,14275.3,23.69
ITEM000160,ORD00108,PROD0121,5,34548.45,29.67
ITEM000161,ORD00305,PROD0414,2,24352.07,12.04
ITEM000162,ORD01001,PROD0310,5,8503.67,32.64
ITEM000163,ORD00769,PROD0092,4,84089.5,32.52
ITEM000164,ORD00564,PROD0456,3,38371.06,5.83
ITEM000165,ORD00250,PROD0501,5,6818.23,29.34
ITEM000166,ORD01173,PROD0492,3,11094.21,4.73
ITEM000167,ORD01215,PROD0186,4,36132.99,32.23
ITEM000168,ORD00889,PROD0306,5,55818.22,16.26
ITEM000169,ORD01462,PROD0551,2,22681.74,35.04
ITEM000170,ORD00807,PROD0570,5,81473.6,26.5
ITEM000171,ORD00131,PROD0532,5,39075.86,40.94
ITEM000172,ORD01335,PROD0128,2,64412.34,44.88
ITEM000173,ORD00371,PROD0185,1,8029.11,40.03
ITEM000174,ORD00252,PROD0041,2,79277.27,32.63
ITEM000175,ORD00180,PROD0576,3,2932.28,1.75
ITEM000176,ORD00256,PROD0519,3,14434.01,27.22
ITEM000177,ORD00867,PROD0001,2,41599.18,47.31
ITEM000178,ORD01064,PROD0301,5,47568.78,28.85
ITEM000179,ORD01424,PROD0321,5,48133.22,49.84
ITEM000180,ORD01242,PROD0552,5,7841.0,4.95
ITEM000181,ORD00092,PROD0243,1,24774.69,14.99
ITEM000182,ORD00441,PROD0138,5,64661.73,29.59
ITEM000183,ORD00569,PROD0132,5,1826.81,27.49
ITEM000184,ORD00534,PROD0391,2,20624.92,4.16
ITEM000185,ORD00521,PROD0436,2,64675.09,3.53
ITEM000186,ORD00552,PROD0198,3,13653.6,32.39
ITEM000187,ORD01048,PROD0168,4,77939.45,15.82
ITEM000188,ORD00889,PROD0389,1,20483.51,12.37
ITEM000189,ORD00554,PROD0128,5,39220.62,27.42
ITEM000190,ORD00136,PROD0338,1,30903.81,16.68
ITEM000191,ORD00560,PROD0150,2,21676.74,4.9
ITEM000192,ORD00456,PROD0388,1,15125.85,6.18
ITEM000193,ORD01079,PROD0314,5,36859.46,24.48
ITEM000194,ORD01084,PROD0358,5,17603.23,27.58
ITEM000195,ORD01245,PROD0102,1,54747.18,47.33
ITEM000196,ORD00798,PROD0186,3,42949.03,33.89
ITEM000197,ORD01089,PROD0565,5,12542.18,20.13
ITEM000198,ORD01214,PROD0131,3,12429.3,25.68
ITEM000199,ORD00319,PROD0130,2,38168.89,36.77
ITEM000200,ORD00109,PROD0380,2,71016.45,20.91
ITEM000201,ORD00938,PROD0188,4,41253.33,39.92
ITEM000202,ORD01029,PROD0294,3,58039.74,26.03
ITEM000203,ORD01472,PROD0235,3,6370.54,4.35
ITEM000204,ORD00626,PROD0417,3,52752.35,31.73
ITEM000205,ORD00158,PROD0246,1,45244.04,2.87
ITEM000206,ORD00586,PROD0568,4,23785.35,0.53
ITEM000207,ORD00869,PROD0521,2,35611.71,25.75
ITEM000208,ORD01387,PROD0546,1,14964.73,30.81
ITEM000209,ORD00015,PROD0436,5,72538.67,12.21
ITEM000210,ORD01355,PROD0541,5,54873.89,22.43
ITEM000211,ORD00346,PROD0537,2,61270.18,18.35
ITEM000212,ORD00274,PROD0527,3,82193.59,21.14
ITEM000213,ORD00777,PROD0175,3,32974.45,16.9
ITEM000214,ORD01391,PROD0256,5,8164.56,42.89
ITEM000215,ORD00595,PROD0307,4,37144.04,10.65
ITEM000216,ORD01293,PROD0583,4,18218.84,15.24
ITEM000217,ORD01317,PROD0528,1,92344.62,44.62
ITEM000218,ORD01000,PROD0059,3,17824.4,23.02
ITEM000219,ORD00612,PROD0363,1,3065.59,44.51
ITEM000220,ORD00382,PROD0412,3,19916.24,21.54
ITEM000221,ORD00405,PROD0087,5,23704.46,7.69
ITEM000222,ORD00254,PROD0500,1,22876.29,32.83
ITEM000223,ORD00464,PROD0482,4,50238.92,18.22
ITEM000224,ORD00374,PROD0550,3,57777.44,21.93
ITEM000225,ORD00900,PROD0166,2,17330.48,21.7
ITEM000226,ORD00736,PROD0204,1,42494.24,2.01
ITEM000227,ORD00809,PROD0432,3,67291.38,8.02
ITEM000228,ORD00408,PROD0491,3,43528.77,24.45
ITEM000229,ORD01015,PROD0131,3,19912.72,39.02
ITEM000230,ORD00819,PROD0514,4,49019.12,47.88
ITEM000231,ORD00044,PROD0130,2,37342.11,0.68
ITEM000232,ORD01402,PROD0243,1,33386.69,17.11
ITEM000233,ORD01223,PROD0009,4,75071.78,14.11
ITEM000234,ORD00170,PROD0440,2,26056.88,36.46
ITEM000235,ORD00383,PROD0256,3,7833.53,43.21
ITEM000236,ORD01436,PROD0254,4,60173.44,35.32
ITEM000237,ORD00212,PROD0515,5,60259.22,49.63
ITEM000238,ORD01211,PROD0153,2,3796.59,20.06
ITEM000239,ORD00561,PROD0197,2,47656.38,30.82
ITEM000240,ORD00187,PROD0053,4,52644.16,15.32
ITEM000241,ORD01298,PROD0237,2,2442.98,23.96
ITEM000242,ORD01045,PROD0438,1,4993.06,13.46
ITEM000243,ORD00575,PROD0360,4,66106.96,44.76
ITEM000244,ORD00373,PROD0042,1,54748.09,37.24
ITEM000245,ORD00435,PROD0293,4,7819.45,30.33
ITEM000246,ORD00883,PROD0190,3,25615.46,18.18
ITEM000247,ORD00624,PROD0115,1,33799.09,34.15
ITEM000248,ORD00267,PROD0340,3,52398.04,18.07
ITEM000249,ORD01207,PROD0542,5,18824.71,32.51
ITEM000250,ORD00431,PROD0599,4,3405.7,5.32
ITEM000251,ORD01290,PROD0124,1,80814.98,45.61
ITEM000252,ORD01341,PROD0196,2,71270.94,46.28
ITEM000253,ORD00154,PROD0560,5,28565.4,36.27
ITEM000254,ORD00414,PROD0547,2,33359.01,9.59
ITEM000255,ORD01128,PROD0259,5,70428.14,44.75
ITEM000256,ORD00919,PROD0121,4,23802.08,20.95
ITEM000257,ORD01032,PROD0023,2,75460.7,34.84
ITEM000258,ORD00265,PROD0297,1,69485.03,3.04
ITEM000259,ORD01421,PROD0195,4,52971.03,26.62
ITEM000260,ORD01052,PROD0077,2,14030.37,25.46
ITEM000261,ORD01152,PROD0400,4,58612.97,10.35
ITEM000262,ORD00008,PROD0164,5,36500.08,34.84
ITEM000263,ORD01051,PROD0467,5,31845.9,26.25
ITEM000264,ORD00622,PROD0226,3,33055.06,27.61
ITEM000265,ORD00351,PROD0230,1,44777.2,14.59
ITEM000266,ORD01310,PROD0152,3,21531.3,13.52
ITEM000267,ORD00106,PROD0255,2,53785.12,0.07
ITEM000268,ORD00712,PROD0378,3,42270.28,35.27
ITEM000269,ORD01125,PROD0271,2,66433.91,30.57
ITEM000270,ORD00665,PROD0059,1,29697.15,10.96
ITEM000271,ORD00573,PROD0181,3,54590.93,26.87
ITEM000272,ORD01195,PROD0109,4,20192.87,12.87
ITEM000273,ORD01283,PROD0565,2,12153.71,11.03
ITEM000274,ORD00551,PROD0209,5,55623.57,42.91
ITEM000275,ORD00810,PROD0160,4,24712.45,36.31
ITEM000276,ORD00755,PROD0152,4,13181.54,9.08
ITEM000277,ORD00379,PROD0181,2,44588.94,47.17
ITEM000278,ORD00370,PROD0289,1,20195.17,44.26
ITEM000279,ORD00808,PROD0193,1,23420.61,21.32
ITEM000280,ORD00932,PROD0413,1,46893.84,6.86
ITEM000281,ORD00025,PROD0103,4,32370.73,5.5
ITEM000282,ORD00028,PROD0045,2,29348.24,4.18
ITEM000283,ORD00293,PROD0014,1,56744.64,5.32
ITEM000284,ORD00694,PROD0088,2,821.74,37.98
ITEM000285,ORD00910,PROD0168,3,59260.6,7.73
ITEM000286,ORD00115,PROD0557,3,29718.16,6.15
ITEM000287,ORD00092,PROD0106,5,34619.27,25.58
ITEM000288,ORD00851,PROD0146,1,5602.57,1.2
ITEM000289,ORD00875,PROD0395,2,48207.09,14.34
ITEM000290,ORD01402,PROD0394,1,66202.39,49.54
ITEM000291,ORD00460,PROD0105,3,4523.07,30.78
ITEM000292,ORD00243,PROD0370,1,72575.31,30.23
ITEM000293,ORD00365,PROD0439,5,51240.84,9.07
ITEM000294,ORD00871,PROD0154,3,73136.64,14.35
ITEM000295,ORD00213,PROD0278,4,21033.13,46.64
ITEM000296,ORD01457,PROD0079,1,71061.33,48.9
ITEM000297,ORD01344,PROD0151,3,8937.66,22.33
ITEM000298,ORD00980,PROD0069,1,911.17,47.98
ITEM000299,ORD00571,PROD0149,1,41633.56,6.38
ITEM000300,ORD00789,PROD0362,3,24403.82,24.06
ITEM000301,ORD00848,PROD0342,2,68579.22,32.7
ITEM000302,ORD00504,PROD0393,4,23179.03,26.94
ITEM000303,ORD01009,PROD0546,5,18788.74,19.23
ITEM000304,ORD01190,PROD0432,5,57050.67,34.67
ITEM000305,ORD00450,PROD0090,2,8552.4,10.16
ITEM000306,ORD00036,PROD0372,5,12965.81,6.68
ITEM000307,ORD00226,PROD0062,3,51553.36,42.47
ITEM000308,ORD00286,PROD0302,4,40540.73,42.67
ITEM000309,ORD00863,PROD0249,2,31542.02,2.79
ITEM000310,ORD00283,PROD0121,2,29517.69,1.32
ITEM000311,ORD00870,PROD0381,1,25892.19,33.14
ITEM000312,ORD00152,PROD0489,5,15585.85,1.51
ITEM000313,ORD00749,PROD0145,1,14449.01,0.62
ITEM000314,ORD00853,PROD0154,2,66999.21,7.01
ITEM000315,ORD01081,PROD0307,4,40035.09,16.87
ITEM000316,ORD01321,PROD0014,3,34712.8,3.0
ITEM000317,ORD01316,PROD0033,5,22024.95,25.16
ITEM000318,ORD00023,PROD0406,4,44217.19,43.8
ITEM000319,ORD01135,PROD0265,5,43108.19,35.47
ITEM000320,ORD00868,PROD0161,3,46883.19,26.08
ITEM000321,ORD00257,PROD0217,4,8130.03,10.95
ITEM000322,ORD00377,PROD0573,5,4143.34,40.83
ITEM000323,ORD00960,PROD0489,3,13963.9,20.25
ITEM000324,ORD00780,PROD0169,1,66096.3,32.33
ITEM000325,ORD00399,PROD0277,1,4702.27,18.14
ITEM000326,ORD00688,PROD0029,2,23264.35,27.08
ITEM000327,ORD00134,PROD0217,5,5445.13,45.48
ITEM000328,ORD00385,PROD0565,2,11090.03,1.62
ITEM000329,ORD00552,PROD0088,5,1078.6,28.19
ITEM000330,ORD00991,PROD0047,1,37309.78,47.18
ITEM000331,ORD00018,PROD0366,3,49702.41,25.01
ITEM000332,ORD00645,PROD0401,3,75298.46,35.13
ITEM000333,ORD00200,PROD0340,4,56540.19,25.18
ITEM000334,ORD01029,PROD0154,1,71648.44,19.11
ITEM000335,ORD01201,PROD0039,3,17114.57,34.12
ITEM000336,ORD00162,PROD0096,2,12826.33,40.37
ITEM000337,ORD01340,PROD0145,2,21818.63,25.08
ITEM000338,ORD01493,PROD0536,3,52704.21,6.56
ITEM000339,ORD00596,PROD0369,5,7902.75,21.55
ITEM000340,ORD01460,PROD0397,2,59176.35,30.52
ITEM000341,ORD00154,PROD0157,5,78397.29,24.88
ITEM000342,ORD00031,PROD0147,3,23144.67,48.45
ITEM000343,ORD00179,PROD0511,1,20580.84,8.49
ITEM000344,ORD00606,PROD0166,1,16520.89,18.17
ITEM000345,ORD00183,PROD0073,2,81646.19,23.04
ITEM000346,ORD00970,PROD0263,4,22854.44,7.02
ITEM000347,ORD00254,PROD0583,4,15967.94,42.95
ITEM000348,ORD00822,PROD0419,5,4843.64,6.45
ITEM000349,ORD00752,PROD0525,5,818.47,18.68
ITEM000350,ORD01398,PROD0424,5,51866.26,43.87
ITEM000351,ORD01398,PROD0044,5,70745.45,2.85
ITEM000352,ORD00502,PROD0575,1,50929.86,5.26
ITEM000353,ORD00770,PROD0163,5,58823.91,3.65
ITEM000354,ORD00796,PROD0474,1,29454.62,23.42
ITEM000355,ORD01096,PROD0477,1,18322.98,36.59
ITEM000356,ORD00813,PROD0444,2,38832.01,3.22
ITEM000357,ORD00702,PROD0498,2,39515.9,23.81
ITEM000358,ORD00571,PROD0466,1,68481.52,47.43
ITEM000359,ORD00299,PROD0219,3,65711.03,49.39
ITEM000360,ORD00779,PROD0064,3,79891.09,48.93
ITEM000361,ORD00438,PROD0056,2,38385.66,47.63
ITEM000362,ORD01401,PROD0434,3,15108.9,8.81
ITEM000363,ORD00291,PROD0071,3,20942.69,14.92
ITEM000364,ORD01459,PROD0463,4,46755.65,33.48
ITEM000365,ORD00532,PROD0189,1,13182.69,45.08
ITEM000366,ORD00701,PROD0305,2,25702.99,47.1
ITEM000367,ORD00987,PROD0487,5,63739.26,8.03
ITEM000368,ORD01427,PROD0448,3,66016.5,28.52
ITEM000369,ORD00021,PROD0575,5,52557.42,36.14
ITEM000370,ORD01185,PROD0149,3,50821.2,41.18
ITEM000371,ORD00649,PROD0015,2,55714.01,46.69
ITEM000372,ORD01023,PROD0325,1,12997.14,33.7
ITEM000373,ORD00539,PROD0534,1,9433.86,47.17
ITEM000374,ORD00258,PROD0461,5,56698.62,10.93
ITEM000375,ORD00385,PROD0431,5,21174.82,30.05
ITEM000376,ORD00443,PROD0357,2,13660.01,48.59
ITEM000377,ORD01182,PROD0015,3,53538.76,0.81
ITEM000378,ORD00629,PROD0515,1,82506.49,32.45
ITEM000379,ORD00934,PROD0424,4,48815.56,41.41
ITEM000380,ORD00873,PROD0536,3,42158.33,8.79
ITEM000381,ORD00878,PROD0383,2,65264.59,8.13
ITEM000382,ORD00893,PROD0391,3,26282.85,34.43
ITEM000383,ORD00896,PROD0291,5,23712.27,45.29
ITEM000384,ORD00204,PROD0090,1,7083.36,0.82
ITEM000385,ORD00843,PROD0107,4,13449.91,31.19
ITEM000386,ORD01116,PROD0103,4,34776.46,40.29
ITEM000387,ORD01368,PROD0297,4,45751.55,38.84
ITEM000388,ORD01130,PROD0391,1,18025.01,23.48
ITEM000389,ORD00255,PROD0360,4,73574.69,41.02
ITEM000390,ORD01442,PROD0406,1,50254.54,39.11
ITEM000391,ORD01040,PROD0291,3,23072.35,13.22
ITEM000392,ORD00850,PROD0248,1,41853.13,20.73
ITEM000393,ORD00032,PROD0027,2,47679.98,42.04
ITEM000394,ORD01063,PROD0326,3,28603.27,28.61
ITEM000395,ORD00881,PROD0248,5,43298.64,9.63
ITEM000396,ORD01320,PROD0403,1,24602.55,28.89
ITEM000397,ORD00264,PROD0400,2,52073.89,15.91
ITEM000398,ORD00325,PROD0448,2,40874.93,40.06
ITEM000399,ORD01033,PROD0122,5,69190.9,42.15
ITEM000400,ORD01285,PROD0267,5,5897.38,16.12
ITEM000401,ORD00191,PROD0096,1,10104.86,31.44
ITEM000402,ORD01216,PROD0157,1,77986.66,27.18
ITEM000403,ORD00162,PROD0586,4,45054.36,36.71
ITEM000404,ORD00930,PROD0367,2,45085.95,44.9
ITEM000405,ORD00609,PROD0199,5,15865.56,36.32
ITEM000406,ORD00775,PROD0267,1,6392.27,46.75
ITEM000407,ORD01285,PROD0024,5,69227.39,5.55
ITEM000408,ORD01221,PROD0126,1,23134.74,13.1
ITEM000409,ORD00370,PROD0096,1,10450.83,18.07
ITEM000410,ORD00426,PROD0401,1,58743.85,1.1
ITEM000411,ORD00151,PROD0499,1,32271.03,21.0
ITEM000412,ORD00643,PROD0462,2,7225.1,0.51
ITEM000413,ORD00366,PROD0581,5,27714.19,5.86
ITEM000414,ORD00703,PROD0356,4,51063.23,30.0
ITEM000415,ORD00011,PROD0163,5,71245.89,46.33
ITEM000416,ORD00395,PROD0031,5,36088.9,25.59
ITEM000417,ORD00313,PROD0222,3,59579.02,10.85
ITEM000418,ORD00671,PROD0142,2,35170.07,34.58
ITEM000419,ORD00260,PROD0275,3,4994.39,47.66
ITEM000420,ORD00714,PROD0565,3,10068.74,40.45
ITEM000421,ORD00894,PROD0525,4,807.29,12.5
ITEM000422,ORD00406,PROD0288,4,57522.05,39.66
ITEM000423,ORD01204,PROD0320,2,70119.39,47.69
ITEM000424,ORD01000,PROD0444,4,39363.33,37.35
ITEM000425,ORD00653,PROD0111,5,58445.17,9.99
ITEM000426,ORD00723,PROD0383,1,61464.48,44.47
ITEM000427,ORD01048,PROD0260,5,54359.54,30.19
ITEM000428,ORD01322,PROD0544,3,53663.33,5.73
ITEM000429,ORD00661,PROD0440,2,22376.46,3.63
ITEM000430,ORD01346,PROD0381,3,18403.5,15.72
ITEM000431,ORD00020,PROD0327,1,42228.49,10.69
ITEM000432,ORD01163,PROD0330,2,65067.2,19.28
ITEM000433,ORD01233,PROD0218,5,12539.19,28.05
ITEM000434,ORD01467,PROD0077,5,17875.44,21.09
ITEM000435,ORD00892,PROD0326,3,29173.02,2.48
ITEM000436,ORD01012,PROD0511,1,27152.01,21.06
ITEM000437,ORD00255,PROD0464,2,80237.76,29.56
ITEM000438,ORD00485,PROD0591,1,12307.57,32.18
ITEM000439,ORD01180,PROD0005,4,22894.92,42.08
ITEM000440,ORD00825,PROD0038,5,89938.91,1.96
ITEM000441,ORD01321,PROD0017,1,64075.03,41.49
ITEM000442,ORD00851,PROD0309,3,37257.54,17.29
ITEM000443,ORD00164,PROD0570,3,69707.46,2.35
ITEM000444,ORD00612,PROD0466,4,80245.42,48.36
ITEM000445,ORD00249,PROD0383,5,48718.05,11.2
ITEM000446,ORD00022,PROD0143,1,5043.2,43.07
ITEM000447,ORD01484,PROD0447,2,9591.24,9.56
ITEM000448,ORD00756,PROD0551,1,30050.88,43.4
ITEM000449,ORD00532,PROD0045,1,25350.04,15.21
ITEM000450,ORD00541,PROD0338,5,39264.35,18.98
ITEM000451,ORD01431,PROD0175,2,27163.55,6.0
ITEM000452,ORD00654,PROD0152,5,21136.13,48.29
ITEM000453,ORD00847,PROD0458,1,40708.31,12.03
ITEM000454,ORD00979,PROD0502,3,50261.51,36.54
ITEM000455,ORD00463,PROD0095,3,55065.09,35.57
ITEM000456,ORD00723,PROD0572,2,70255.98,36.76
ITEM000457,ORD00422,PROD0080,1,84555.26,3.01
ITEM000458,ORD00027,PROD0222,4,90937.88,9.4
ITEM000459,ORD00215,PROD0349,2,53862.81,38.08
ITEM000460,ORD01053,PROD0321,3,43568.79,32.76
ITEM000461,ORD01034,PROD0109,2,13422.37,18.18
ITEM000462,ORD00927,PROD0526,2,21131.54,9.4
ITEM000463,ORD00570,PROD0434,2,19558.62,47.57
ITEM000464,ORD01183,PROD0105,2,4819.87,5.36
ITEM000465,ORD00226,PROD0247,1,92793.99,9.35
ITEM000466,ORD00059,PROD0488,5,53397.68,13.28
ITEM000467,ORD01128,PROD0087,3,22573.59,7.53
ITEM000468,ORD01029,PROD0442,5,52769.37,22.07
ITEM000469,ORD00758,PROD0101,1,20960.31,36.6
ITEM000470,ORD00866,PROD0199,3,10858.19,8.83
ITEM000471,ORD00566,PROD0543,5,61864.01,21.68
ITEM000472,ORD01396,PROD0052,2,5338.21,10.98
ITEM000473,ORD00109,PROD0037,5,21326.24,3.29
ITEM000474,ORD00207,PROD0283,2,31340.21,34.98
ITEM000475,ORD00829,PROD0402,4,29212.34,36.7
ITEM000476,ORD01417,PROD0275,4,4185.72,39.29
ITEM000477,ORD00712,PROD0295,5,46371.8,0.16
ITEM000478,ORD00380,PROD0516,5,35640.16,15.27
ITEM000479,ORD01409,PROD0245,2,9800.78,3.47
ITEM000480,ORD00384,PROD0341,4,43294.7,0.64
ITEM000481,ORD00972,PROD0439,3,40906.98,48.72
ITEM000482,ORD00158,PROD0175,1,27322.29,48.48
ITEM000483,ORD01195,PROD0002,4,31052.23,23.63
ITEM000484,ORD00093,PROD0018,5,58326.3,14.53
ITEM000485,ORD00468,PROD0538,5,6089.41,7.33
ITEM000486,ORD00193,PROD0103,3,40833.2,16.78
ITEM000487,ORD01005,PROD0360,5,66573.61,24.32
ITEM000488,ORD00747,PROD0470,1,6401.84,15.06
ITEM000489,ORD00684,PROD0531,5,40759.83,13.5
ITEM000490,ORD01064,PROD0022,2,40760.02,42.81
ITEM000491,ORD01351,PROD0146,3,4514.98,12.22
ITEM000492,ORD01426,PROD0442,3,48447.6,4.46
ITEM000493,ORD00774,PROD0111,3,76434.48,33.94
ITEM000494,ORD00921,PROD0540,2,38067.16,33.95
ITEM000495,ORD00679,PROD0401,5,56215.38,49.7
ITEM000496,ORD00634,PROD0196,1,66642.18,35.09
ITEM000497,ORD01255,PROD0126,4,34218.22,28.33
ITEM000498,ORD00711,PROD0296,1,94000.44,24.95
ITEM000499,ORD01404,PROD0151,4,12415.8,26.16
ITEM000500,ORD00594,PROD0572,2,56970.39,14.41
ITEM000501,ORD00604,PROD0016,4,35797.79,14.15
ITEM000502,ORD01215,PROD0127,1,50994.54,0.25
ITEM000503,ORD00722,PROD0001,1,40256.09,17.51
ITEM000504,ORD00581,PROD0515,5,59136.35,4.3
ITEM000505,ORD00555,PROD0147,2,21639.26,45.91
ITEM000506,ORD00596,PROD0225,1,57987.76,17.73
ITEM000507,ORD01390,PROD0396,4,70249.38,45.21
ITEM000508,ORD00536,PROD0310,5,5988.56,28.2
ITEM000509,ORD01391,PROD0331,5,52041.74,38.38
ITEM000510,ORD00513,PROD0139,4,61277.84,15.05
ITEM000511,ORD00176,PROD0305,5,38881.91,23.06
ITEM000512,ORD00376,PROD0385,4,14146.62,26.33
ITEM000513,ORD01422,PROD0321,5,48676.98,35.63
ITEM000514,ORD00960,PROD0363,4,4218.02,48.07
ITEM000515,ORD00945,PROD0029,5,19308.92,38.34
ITEM000516,ORD00182,PROD0144,5,38654.85,39.33
ITEM000517,ORD01189,PROD0525,3,508.0,27.16
ITEM000518,ORD01159,PROD0301,1,56425.89,19.63
ITEM000519,ORD00826,PROD0007,4,27509.78,43.75
ITEM000520,ORD00943,PROD0056,1,23449.54,41.49
ITEM000521,ORD01331,PROD0110,3,7582.68,41.1
ITEM000522,ORD01159,PROD0494,3,72475.7,6.07
ITEM000523,ORD01198,PROD0524,1,65877.0,25.81
ITEM000524,ORD01152,PROD0508,2,59472.14,33.78
ITEM000525,ORD00317,PROD0309,3,46985.77,46.83
ITEM000526,ORD00994,PROD0206,1,13517.28,7.65
ITEM000527,ORD00248,PROD0533,1,65923.61,5.18
ITEM000528,ORD00051,PROD0518,4,40209.42,46.3
ITEM000529,ORD00615,PROD0415,4,26789.74,41.01
ITEM000530,ORD01120,PROD0267,5,8127.21,42.97
ITEM000531,ORD01264,PROD0127,4,40795.56,1.08
ITEM000532,ORD00291,PROD0247,2,76018.93,34.98
ITEM000533,ORD00411,PROD0488,4,48213.54,33.38
ITEM000534,ORD01206,PROD0505,3,40211.76,19.56
ITEM000535,ORD01429,PROD0110,4,6841.99,21.24
ITEM000536,ORD00058,PROD0291,4,14735.33,19.47
ITEM000537,ORD01189,PROD0311,1,55315.74,44.66
ITEM000538,ORD01270,PROD0456,1,66251.76,17.74
ITEM000539,ORD00286,PROD0480,4,42839.26,49.09
ITEM000540,ORD00733,PROD0513,5,58174.41,45.13
ITEM000541,ORD01076,PROD0400,5,41169.4,32.8
ITEM000542,ORD00721,PROD0577,3,13202.67,42.93
ITEM000543,ORD00287,PROD0286,3,31093.48,3.41
ITEM000544,ORD01322,PROD0496,4,6463.64,30.29
ITEM000545,ORD00370,PROD0590,5,45251.05,26.27
ITEM000546,ORD00266,PROD0332,5,66411.92,17.4
ITEM000547,ORD01265,PROD0414,1,24564.07,42.6
ITEM000548,ORD00326,PROD0238,1,26827.76,24.97
ITEM000549,ORD01392,PROD0488,3,63193.95,49.07
ITEM000550,ORD00485,PROD0108,2,45753.19,19.2
ITEM000551,ORD00861,PROD0066,1,32865.75,5.72
ITEM000552,ORD00150,PROD0453,3,22911.78,42.03
ITEM000553,ORD00357,PROD0329,1,27685.13,18.88
ITEM000554,ORD01306,PROD0588,5,23060.9,12.62
ITEM000555,ORD00897,PROD0293,2,7408.45,8.1
ITEM000556,ORD01083,PROD0197,1,52160.47,31.46
ITEM000557,ORD01370,PROD0099,2,26659.58,7.03
ITEM000558,ORD00011,PROD0369,4,6808.86,43.22
ITEM000559,ORD00698,PROD0190,5,20279.44,41.62
ITEM000560,ORD01169,PROD0486,5,22009.44,30.92
ITEM000561,ORD01145,PROD0142,1,44744.27,31.27
ITEM000562,ORD00146,PROD0583,1,17076.49,25.86
ITEM000563,ORD00207,PROD0121,4,26807.3,30.07
ITEM000564,ORD00678,PROD0024,2,67716.0,14.49
ITEM000565,ORD00515,PROD0400,3,41335.58,43.57
ITEM000566,ORD00590,PROD0077,5,15193.48,42.66
ITEM000567,ORD01252,PROD0513,3,65824.34,2.83
ITEM000568,ORD01429,PROD0114,5,61511.57,45.87
ITEM000569,ORD00539,PROD0031,1,45218.12,13.04
ITEM000570,ORD00686,PROD0061,2,36908.57,40.84
ITEM000571,ORD00676,PROD0064,2,68136.29,40.28
ITEM000572,ORD01155,PROD0037,3,31569.23,47.5
ITEM000573,ORD01226,PROD0083,5,14268.82,6.47
ITEM000574,ORD01482,PROD0043,1,16520.53,25.38
ITEM000575,ORD01332,PROD0359,4,53088.74,39.08
ITEM000576,ORD00467,PROD0022,1,23123.69,39.09
ITEM000577,ORD00402,PROD0548,5,15560.73,34.1
ITEM000578,ORD00038,PROD0566,4,21418.57,38.28
ITEM000579,ORD01425,PROD0129,4,15590.93,27.48
ITEM000580,ORD00237,PROD0449,1,8441.78,49.13
ITEM000581,ORD00754,PROD0361,2,34562.61,45.9
ITEM000582,ORD00488,PROD0238,1,25738.39,11.36
ITEM000583,ORD01099,PROD0582,1,54933.81,0.74
ITEM000584,ORD01475,PROD0256,1,5115.49,6.34
ITEM000585,ORD00370,PROD0290,1,34016.49,30.12
ITEM000586,ORD00501,PROD0300,2,33759.59,23.94
ITEM000587,ORD00251,PROD0079,1,50208.92,27.18
ITEM000588,ORD01014,PROD0366,2,37961.47,15.14
ITEM000589,ORD00752,PROD0565,3,12464.39,12.21
ITEM000590,ORD00548,PROD0327,5,37581.95,2.7
ITEM000591,ORD00842,PROD0498,3,26706.54,45.6
ITEM000592,ORD01067,PROD0237,3,3079.01,10.54
ITEM000593,ORD00763,PROD0146,1,5775.14,34.92
ITEM000594,ORD01332,PROD0465,1,52267.97,41.82
ITEM000595,ORD00554,PROD0285,5,70428.49,41.36
ITEM000596,ORD00174,PROD0062,3,67631.32,19.2
ITEM000597,ORD00039,PROD0392,4,24369.27,11.22
ITEM000598,ORD00777,PROD0189,4,17595.26,33.02
ITEM000599,ORD00065,PROD0555,3,81262.95,45.5
ITEM000600,ORD00689,PROD0269,5,18987.2,1.37
ITEM000601,ORD01487,PROD0445,4,58706.4,46.43
ITEM000602,ORD00117,PROD0112,5,37263.04,36.06
ITEM000603,ORD01389,PROD0295,5,51761.38,28.63
ITEM000604,ORD01164,PROD0532,3,30723.94,19.06
ITEM000605,ORD00488,PROD0136,1,18740.58,34.13
ITEM000606,ORD00562,PROD0088,2,1203.27,14.79
ITEM000607,ORD01170,PROD0405,1,72805.84,18.08
ITEM000608,ORD01351,PROD0257,5,44358.6,15.34
ITEM000609,ORD01354,PROD0329,3,29830.63,22.19
ITEM000610,ORD00036,PROD0451,1,29276.11,48.29
ITEM000611,ORD00984,PROD0570,2,66246.23,28.98
ITEM000612,ORD00163,PROD0284,5,65116.76,47.66
ITEM000613,ORD00903,PROD0185,3,8983.67,13.81
ITEM000614,ORD01014,PROD0131,2,18694.22,7.35
ITEM000615,ORD01266,PROD0051,2,31998.61,1.93
ITEM000616,ORD01402,PROD0519,4,16403.09,2.1
ITEM000617,ORD01470,PROD0234,1,46619.22,49.6
ITEM000618,ORD00528,PROD0017,3,66746.46,2.24
ITEM000619,ORD00481,PROD0359,1,40592.36,22.19
ITEM000620,ORD01047,PROD0080,2,54967.56,28.52
ITEM000621,ORD01395,PROD0426,1,78252.9,43.79
ITEM000622,ORD00294,PROD0026,3,26867.08,18.01
ITEM000623,ORD00836,PROD0384,4,96824.17,14.7
ITEM000624,ORD00064,PROD0165,3,31819.99,46.52
ITEM000625,ORD01211,PROD0027,1,43381.05,40.4
ITEM000626,ORD01047,PROD0521,5,40491.08,47.0
ITEM000627,ORD00776,PROD0597,1,55607.52,7.5
ITEM000628,ORD01330,PROD0081,1,81193.19,49.62
ITEM000629,ORD01158,PROD0516,5,38861.57,36.7
ITEM000630,ORD01104,PROD0125,5,79088.93,30.36
ITEM000631,ORD01351,PROD0538,5,7288.92,13.46
ITEM000632,ORD01179,PROD0301,2,44252.21,39.95
ITEM000633,ORD00742,PROD0237,4,2409.49,48.62
ITEM000634,ORD01420,PROD0247,4,85721.51,44.01
ITEM000635,ORD00742,PROD0082,3,7104.67,3.82
ITEM000636,ORD00742,PROD0496,5,4297.42,39.32
ITEM000637,ORD00471,PROD0584,2,19433.79,12.25
ITEM000638,ORD00835,PROD0599,2,4753.76,39.79
ITEM000639,ORD00700,PROD0322,1,1555.49,21.05
ITEM000640,ORD00304,PROD0590,4,42016.99,38.63
ITEM000641,ORD00369,PROD0465,1,58382.92,20.93
ITEM000642,ORD01136,PROD0482,1,42437.76,1.7
ITEM000643,ORD00884,PROD0025,2,13917.31,6.62
ITEM000644,ORD01085,PROD0398,4,61532.89,20.12
ITEM000645,ORD01141,PROD0248,3,26448.99,44.87
ITEM000646,ORD00690,PROD0111,1,47184.31,46.04
ITEM000647,ORD00920,PROD0419,4,4444.16,21.78
ITEM000648,ORD00978,PROD0138,2,70916.81,29.48
ITEM000649,ORD01044,PROD0086,2,71881.43,29.68
ITEM000650,ORD00758,PROD0465,4,64841.89,8.84
ITEM000651,ORD01480,PROD0287,1,13250.72,24.66
ITEM000652,ORD00099,PROD0578,5,18005.26,28.99
ITEM000653,ORD00874,PROD0293,3,8360.26,37.87
ITEM000654,ORD00294,PROD0043,2,21707.73,13.91
ITEM000655,ORD01261,PROD0322,1,1872.67,8.28
ITEM000656,ORD00590,PROD0281,4,70933.39,44.27
ITEM000657,ORD00591,PROD0266,5,2507.99,46.23
ITEM000658,ORD01365,PROD0286,2,19102.1,27.61
ITEM000659,ORD01042,PROD0173,1,59385.78,1.99
ITEM000660,ORD01106,PROD0551,2,17125.9,41.63
ITEM000661,ORD00053,PROD0379,2,66992.07,47.39
ITEM000662,ORD00874,PROD0456,5,41934.3,22.69
ITEM000663,ORD00225,PROD0123,4,61425.69,24.66
ITEM000664,ORD00178,PROD0141,3,9029.31,5.82
ITEM000665,ORD00725,PROD0081,2,72583.22,16.36
ITEM000666,ORD01039,PROD0344,3,65771.68,36.78
ITEM000667,ORD01377,PROD0076,3,43769.72,1.92
ITEM000668,ORD00206,PROD0534,3,6028.82,27.91
ITEM000669,ORD01283,PROD0037,1,21035.89,29.32
ITEM000670,ORD00451,PROD0201,3,41356.28,24.23
ITEM000671,ORD00384,PROD0509,3,25623.2,31.74
ITEM000672,ORD00182,PROD0529,2,36284.09,3.36
ITEM000673,ORD01143,PROD0214,2,1084.34,34.4
ITEM000674,ORD01257,PROD0390,5,4014.98,17.44
ITEM000675,ORD01087,PROD0185,3,9321.27,43.75
ITEM000676,ORD01369,PROD0497,4,52467.8,19.61
ITEM000677,ORD00732,PROD0557,4,24383.01,10.95
ITEM000678,ORD00589,PROD0430,4,21373.27,33.12
ITEM000679,ORD00238,PROD0181,4,54210.48,33.03
ITEM000680,ORD00712,PROD0408,2,85356.65,24.19
ITEM000681,ORD01002,PROD0422,2,24908.78,13.4
ITEM000682,ORD00441,PROD0419,1,4040.17,16.16
ITEM000683,ORD01383,PROD0326,4,33141.73,22.1
ITEM000684,ORD00817,PROD0267,1,6363.89,36.41
ITEM000685,ORD00696,PROD0047,3,40540.05,11.07
ITEM000686,ORD00342,PROD0549,2,36725.51,5.52
ITEM000687,ORD01257,PROD0338,2,35624.89,1.0
ITEM000688,ORD01480,PROD0022,4,24307.1,35.24
ITEM000689,ORD00723,PROD0567,1,54517.81,25.93
ITEM000690,ORD00742,PROD0549,2,40498.75,41.91
ITEM000691,ORD00811,PROD0235,3,6938.55,45.53
ITEM000692,ORD00679,PROD0424,2,55056.39,12.44
ITEM000693,ORD00028,PROD0037,1,28331.97,26.33
ITEM000694,ORD01028,PROD0408,4,54077.81,14.15
ITEM000695,ORD00050,PROD0236,2,50840.48,37.5
ITEM000696,ORD00774,PROD0411,2,42195.79,43.83
ITEM000697,ORD00174,PROD0079,1,58880.81,35.17
ITEM000698,ORD00851,PROD0021,1,13539.51,27.08
ITEM000699,ORD00311,PROD0098,5,37809.78,9.71
ITEM000700,ORD01241,PROD0320,3,57288.93,37.17
ITEM000701,ORD00619,PROD0281,4,60845.12,13.21
ITEM000702,ORD01344,PROD0591,4,13055.07,21.48
ITEM000703,ORD00456,PROD0417,5,38293.07,14.22
ITEM000704,ORD01440,PROD0547,5,38650.02,0.86
ITEM000705,ORD01018,PROD0404,3,40470.49,35.73
ITEM000706,ORD00927,PROD0230,5,56039.8,19.87
ITEM000707,ORD00476,PROD0458,3,39658.91,5.45
ITEM000708,ORD00637,PROD0341,2,64491.95,48.79
ITEM000709,ORD00196,PROD0575,2,52894.85,47.1
ITEM000710,ORD01216,PROD0256,1,5370.39,30.82
ITEM000711,ORD00970,PROD0536,5,62587.27,2.95
ITEM000712,ORD01011,PROD0259,4,49156.53,16.89
ITEM000713,ORD00309,PROD0038,3,80314.21,29.94
ITEM000714,ORD00012,PROD0275,2,5796.0,39.73
ITEM000715,ORD01118,PROD0512,3,36724.11,11.79
ITEM000716,ORD00945,PROD0495,5,64572.3,36.98
ITEM000717,ORD00167,PROD0108,4,45075.06,18.78
ITEM000718,ORD00028,PROD0166,5,21667.73,8.31
ITEM000719,ORD00897,PROD0117,1,4476.73,24.76
ITEM000720,ORD01283,PROD0538,4,5969.16,43.71
ITEM000721,ORD00857,PROD0409,1,305.42,21.77
ITEM000722,ORD00603,PROD0278,5,17244.56,44.48
ITEM000723,ORD01155,PROD0170,2,18370.76,34.25
ITEM000724,ORD01258,PROD0381,5,24588.13,23.61
ITEM000725,ORD00432,PROD0339,2,38362.73,35.75
ITEM000726,ORD00971,PROD0011,3,50777.96,7.52
ITEM000727,ORD00138,PROD0006,3,46163.45,9.96
ITEM000728,ORD00193,PROD0551,4,21646.36,3.06
ITEM000729,ORD00960,PROD0161,1,33585.62,27.96
ITEM000730,ORD00463,PROD0354,1,11574.36,13.73
ITEM000731,ORD00873,PROD0599,3,4134.05,38.35
ITEM000732,ORD00522,PROD0575,5,68946.28,10.13
ITEM000733,ORD01214,PROD0157,1,82756.51,14.0
ITEM000734,ORD00539,PROD0578,1,11459.07,26.12
ITEM000735,ORD01321,PROD0393,3,23523.36,42.67
ITEM000736,ORD01239,PROD0284,5,69413.98,23.67
ITEM000737,ORD00345,PROD0003,2,16337.08,4.57
ITEM000738,ORD01260,PROD0151,2,9048.82,43.73
ITEM000739,ORD00663,PROD0080,1,52382.83,40.36
ITEM000740,ORD00872,PROD0484,3,6040.9,38.0
ITEM000741,ORD00494,PROD0574,4,12211.46,19.28
ITEM000742,ORD00972,PROD0364,3,1072.45,15.85
ITEM000743,ORD00161,PROD0220,2,38833.73,41.68
ITEM000744,ORD01457,PROD0147,4,23319.29,24.5
ITEM000745,ORD00514,PROD0124,5,94808.53,32.6
ITEM000746,ORD00365,PROD0026,3,30515.65,38.54
ITEM000747,ORD00709,PROD0435,2,932.62,43.81
ITEM000748,ORD00392,PROD0392,3,20493.36,37.38
ITEM000749,ORD00022,PROD0201,4,38689.57,9.74
ITEM000750,ORD01201,PROD0318,3,34436.63,18.44
ITEM000751,ORD00520,PROD0515,1,78532.92,1.68
ITEM000752,ORD00564,PROD0491,4,41098.36,34.77
ITEM000753,ORD00519,PROD0281,1,93660.24,41.17
ITEM000754,ORD01471,PROD0483,5,70664.07,24.52
ITEM000755,ORD00970,PROD0559,1,56190.96,1.44
ITEM000756,ORD01461,PROD0157,2,88700.06,6.58
ITEM000757,ORD00860,PROD0123,1,48463.15,35.53
ITEM000758,ORD00644,PROD0100,5,44862.76,42.63
ITEM000759,ORD01342,PROD0018,3,63147.11,42.41
ITEM000760,ORD00649,PROD0174,5,42036.22,18.31
ITEM000761,ORD00030,PROD0413,4,49625.99,33.48
ITEM000762,ORD00134,PROD0198,5,10472.15,13.33
ITEM000763,ORD00354,PROD0455,1,41003.85,9.93
ITEM000764,ORD01036,PROD0420,2,65560.29,42.11
ITEM000765,ORD00007,PROD0319,3,35851.59,5.89
ITEM000766,ORD00955,PROD0582,1,44390.92,23.15
ITEM000767,ORD00239,PROD0093,2,27434.15,9.28
ITEM000768,ORD01211,PROD0021,2,13857.07,10.88
ITEM000769,ORD00768,PROD0472,1,74607.14,47.16
ITEM000770,ORD00631,PROD0196,2,56691.39,18.97
ITEM000771,ORD00588,PROD0183,3,22108.08,15.78
ITEM000772,ORD00463,PROD0193,3,36111.36,8.86
ITEM000773,ORD00605,PROD0266,4,1887.34,24.49
ITEM000774,ORD01186,PROD0373,3,66692.19,26.15
ITEM000775,ORD01293,PROD0175,1,32672.63,29.26
ITEM000776,ORD00319,PROD0551,5,19968.83,35.11
ITEM000777,ORD00711,PROD0296,2,67096.38,48.42
ITEM000778,ORD01130,PROD0276,1,32977.36,10.54
ITEM000779,ORD00447,PROD0479,3,30312.85,5.76
ITEM000780,ORD01349,PROD0191,4,35548.23,29.34
ITEM000781,ORD00763,PROD0578,4,15974.99,45.06
ITEM000782,ORD00661,PROD0108,3,49064.73,0.39
ITEM000783,ORD00864,PROD0487,3,51993.73,45.15
ITEM000784,ORD00384,PROD0367,3,42712.03,27.34
ITEM000785,ORD00045,PROD0450,5,56877.19,28.8
ITEM000786,ORD00891,PROD0409,4,413.46,12.63
ITEM000787,ORD00765,PROD0346,4,22566.58,15.01
ITEM000788,ORD00480,PROD0520,1,22575.32,38.7
ITEM000789,ORD01183,PROD0411,5,25864.77,25.61
ITEM000790,ORD00616,PROD0537,2,95333.21,28.4
ITEM000791,ORD00286,PROD0134,3,48217.06,2.69
ITEM000792,ORD00186,PROD0317,2,46594.88,22.94
ITEM000793,ORD00339,PROD0472,1,66839.11,10.02
ITEM000794,ORD00353,PROD0309,3,31526.05,11.81
ITEM000795,ORD00417,PROD0448,1,60188.52,7.71
ITEM000796,ORD01138,PROD0384,1,76019.29,17.24
ITEM000797,ORD00965,PROD0564,4,71810.94,45.64
ITEM000798,ORD01369,PROD0386,4,51091.6,38.15
ITEM000799,ORD00197,PROD0397,2,63705.87,46.76
ITEM000800,ORD00819,PROD0335,3,51525.74,36.52
ITEM000801,ORD00870,PROD0404,5,26380.84,24.42
ITEM000802,ORD01202,PROD0028,2,16583.45,8.91
ITEM000803,ORD00482,PROD0378,3,50578.99,41.16
ITEM000804,ORD01251,PROD0408,1,79878.15,6.9
ITEM000805,ORD00385,PROD0046,2,32930.17,4.64
ITEM000806,ORD00787,PROD0185,4,6203.76,15.55
ITEM000807,ORD01383,PROD0493,1,18036.54,47.75
ITEM000808,ORD00368,PROD0168,4,72630.02,41.71
ITEM000809,ORD00953,PROD0085,3,22521.37,5.07
ITEM000810,ORD00829,PROD0013,2,54329.33,28.73
ITEM000811,ORD00787,PROD0466,1,66197.57,48.0
ITEM000812,ORD00823,PROD0433,1,32796.46,12.93
ITEM000813,ORD01299,PROD0119,5,85358.63,45.41
ITEM000814,ORD01029,PROD0382,4,39240.96,42.21
ITEM000815,ORD00748,PROD0115,2,39371.37,26.59
ITEM000816,ORD00786,PROD0082,2,4898.76,47.41
ITEM000817,ORD01450,PROD0265,2,43433.83,30.73
ITEM000818,ORD00932,PROD0446,1,54885.1,1.99
ITEM000819,ORD01003,PROD0472,3,45213.59,29.97
ITEM000820,ORD00757,PROD0259,4,49990.09,14.81
ITEM000821,ORD00049,PROD0556,3,5864.89,17.84
ITEM000822,ORD00036,PROD0458,3,35477.81,1.78
ITEM000823,ORD00229,PROD0366,1,39960.69,19.81
ITEM000824,ORD00359,PROD0087,5,17974.76,36.34
ITEM000825,ORD01297,PROD0506,4,14445.66,17.27
ITEM000826,ORD00939,PROD0250,5,76976.57,2.03
ITEM000827,ORD00669,PROD0382,1,27773.0,48.84
ITEM000828,ORD01307,PROD0104,4,6241.31,36.27
ITEM000829,ORD00692,PROD0310,4,6340.17,9.2
ITEM000830,ORD00527,PROD0082,4,8717.57,39.68
ITEM000831,ORD01170,PROD0268,3,26942.5,26.96
ITEM000832,ORD00500,PROD0051,3,42984.0,10.76
ITEM000833,ORD00895,PROD0282,2,41888.43,33.57
ITEM000834,ORD01239,PROD0409,2,382.12,13.63
ITEM000835,ORD00834,PROD0213,1,24910.31,32.86
ITEM000836,ORD00563,PROD0274,4,24794.85,48.79
ITEM000837,ORD00652,PROD0100,2,43287.66,35.45
ITEM000838,ORD00453,PROD0066,5,27058.69,35.6
ITEM000839,ORD00944,PROD0431,5,16448.71,19.45
ITEM000840,ORD01143,PROD0013,3,55089.68,17.32
ITEM000841,ORD00911,PROD0156,4,46408.06,24.95
ITEM000842,ORD01091,PROD0175,4,22232.91,1.61
ITEM000843,ORD01171,PROD0081,4,66401.69,17.26
ITEM000844,ORD00426,PROD0543,3,55028.64,37.54
ITEM000845,ORD00925,PROD0479,1,33322.02,29.25
ITEM000846,ORD01279,PROD0361,5,36514.58,49.79
ITEM000847,ORD00048,PROD0291,5,21584.33,49.48
ITEM000848,ORD00769,PROD0551,2,22306.84,47.44
ITEM000849,ORD00253,PROD0100,4,43092.63,49.61
ITEM000850,ORD01169,PROD0297,2,66584.76,38.34
ITEM000851,ORD00822,PROD0564,4,58848.53,10.89
ITEM000852,ORD01228,PROD0286,3,28876.67,31.51
ITEM000853,ORD01361,PROD0326,5,36104.45,19.61
ITEM000854,ORD00828,PROD0507,4,58227.8,46.23
ITEM000855,ORD00322,PROD0182,4,25960.96,26.63
ITEM000856,ORD00685,PROD0476,2,52892.4,4.92
ITEM000857,ORD01189,PROD0429,4,12282.61,31.82
ITEM000858,ORD01268,PROD0230,2,46718.98,25.17
ITEM000859,ORD00165,PROD0585,4,51384.09,16.25
ITEM000860,ORD00512,PROD0171,5,50197.36,34.22
ITEM000861,ORD00759,PROD0024,5,69776.58,32.71
ITEM000862,ORD01131,PROD0524,2,70970.21,8.07
ITEM000863,ORD00756,PROD0246,2,55257.79,35.64
ITEM000864,ORD00410,PROD0331,2,57921.21,44.72
ITEM000865,ORD00424,PROD0592,4,16690.06,34.18
ITEM000866,ORD00909,PROD0248,2,43285.13,25.01
ITEM000867,ORD00228,PROD0340,2,39150.42,36.1
ITEM000868,ORD00144,PROD0008,1,31673.22,20.32
ITEM000869,ORD01065,PROD0482,4,40674.56,20.85
ITEM000870,ORD00533,PROD0551,1,27008.41,30.35
ITEM000871,ORD01094,PROD0025,4,10714.25,36.3
ITEM000872,ORD00600,PROD0408,1,67809.44,35.83
ITEM000873,ORD01048,PROD0451,4,34840.97,5.18
ITEM000874,ORD00538,PROD0594,1,86750.29,18.32
ITEM000875,ORD01345,PROD0348,2,57436.7,39.78
ITEM000876,ORD00431,PROD0271,1,63243.04,34.69
ITEM000877,ORD00939,PROD0504,2,76880.39,17.12
ITEM000878,ORD01412,PROD0456,3,62497.0,34.98
ITEM000879,ORD01164,PROD0282,5,35151.16,7.0
ITEM000880,ORD01069,PROD0296,1,61899.91,18.54
ITEM000881,ORD00743,PROD0299,3,79897.25,7.92
ITEM000882,ORD01299,PROD0313,4,85663.87,33.66
ITEM000883,ORD00317,PROD0132,2,2032.84,42.96
ITEM000884,ORD00527,PROD0234,1,44457.92,29.16
ITEM000885,ORD00304,PROD0599,1,3853.54,36.06
ITEM000886,ORD01059,PROD0416,4,28086.2,8.52
ITEM000887,ORD00705,PROD0160,5,35265.57,15.71
ITEM000888,ORD00767,PROD0388,4,14112.23,43.54
ITEM000889,ORD00988,PROD0180,4,19656.37,0.71
ITEM000890,ORD00133,PROD0351,2,56107.6,11.22
ITEM000891,ORD00570,PROD0123,2,45935.34,22.97
ITEM000892,ORD01308,PROD0013,5,74743.04,37.07
ITEM000893,ORD00745,PROD0034,4,18835.23,47.6
ITEM000894,ORD01040,PROD0069,3,898.74,26.74
ITEM000895,ORD01102,PROD0082,1,6651.04,26.15
ITEM000896,ORD00502,PROD0263,2,23335.41,32.54
ITEM000897,ORD00502,PROD0234,4,30015.16,48.97
ITEM000898,ORD00545,PROD0566,3,22077.74,9.5
ITEM000899,ORD00131,PROD0136,5,19015.67,10.39
ITEM000900,ORD00500,PROD0600,5,16899.49,4.91
ITEM000901,ORD00105,PROD0327,1,30895.61,5.82
ITEM000902,ORD00171,PROD0488,2,42150.89,29.47
ITEM000903,ORD01226,PROD0499,3,40359.15,29.09
ITEM000904,ORD00229,PROD0454,2,45175.83,31.75
ITEM000905,ORD00935,PROD0001,3,54000.08,30.07
ITEM000906,ORD01009,PROD0181,3,43037.06,25.71
ITEM000907,ORD01322,PROD0307,3,51203.02,12.45
ITEM000908,ORD00564,PROD0575,5,56635.55,22.0
ITEM000909,ORD00374,PROD0500,1,25592.14,48.72
ITEM000910,ORD00964,PROD0508,2,57631.4,38.02
ITEM000911,ORD01379,PROD0312,1,62593.18,22.16
ITEM000912,ORD01307,PROD0552,2,7752.06,5.44
ITEM000913,ORD00475,PROD0219,3,63273.08,16.0
ITEM000914,ORD01087,PROD0484,1,7555.06,46.38
ITEM000915,ORD00431,PROD0585,2,36646.57,9.6
ITEM000916,ORD00812,PROD0176,2,1426.73,7.86
ITEM000917,ORD01058,PROD0486,5,28113.8,38.99
ITEM000918,ORD00552,PROD0235,3,5809.38,42.81
ITEM000919,ORD00622,PROD0380,2,57116.02,36.34
ITEM000920,ORD00646,PROD0461,3,70784.55,19.68
ITEM000921,ORD00855,PROD0006,4,30657.37,20.44
ITEM000922,ORD01323,PROD0144,4,36116.68,0.97
ITEM000923,ORD01443,PROD0208,2,31750.89,12.8
ITEM000924,ORD00765,PROD0025,3,10378.87,19.12
ITEM000925,ORD01143,PROD0574,2,15419.16,30.88
ITEM000926,ORD00902,PROD0281,1,55369.07,8.02
ITEM000927,ORD01481,PROD0492,5,9798.0,48.56
ITEM000928,ORD00095,PROD0400,4,47163.22,49.35
ITEM000929,ORD01201,PROD0385,1,14204.55,31.98
ITEM000930,ORD00566,PROD0551,3,23138.76,14.21
ITEM000931,ORD00967,PROD0138,1,56369.88,38.76
ITEM000932,ORD00848,PROD0156,2,40495.86,28.7
ITEM000933,ORD01151,PROD0091,4,26850.3,28.64
ITEM000934,ORD01354,PROD0267,5,7485.53,14.57
ITEM000935,ORD00045,PROD0144,1,37999.0,34.96
ITEM000936,ORD00643,PROD0370,4,67492.75,10.74
ITEM000937,ORD00658,PROD0480,2,48094.4,16.65
ITEM000938,ORD01388,PROD0266,3,2317.76,46.63
ITEM000939,ORD00288,PROD0123,4,47996.23,40.3
ITEM000940,ORD00099,PROD0542,1,25219.12,25.61
ITEM000941,ORD00034,PROD0580,4,61872.59,47.99
ITEM000942,ORD00670,PROD0552,4,8239.64,16.69
ITEM000943,ORD00138,PROD0078,5,46795.86,27.91
ITEM000944,ORD00231,PROD0545,2,24863.16,42.31
ITEM000945,ORD00180,PROD0588,4,29714.98,49.65
ITEM000946,ORD00150,PROD0442,3,57245.24,44.47
ITEM000947,ORD00312,PROD0339,1,38845.17,28.76
ITEM000948,ORD00930,PROD0541,4,91629.58,20.07
ITEM000949,ORD00602,PROD0007,5,27790.9,0.94
ITEM000950,ORD00462,PROD0331,4,52474.41,42.78
ITEM000951,ORD01197,PROD0335,5,42390.51,33.27
ITEM000952,ORD01177,PROD0364,5,715.44,38.65
ITEM000953,ORD00423,PROD0316,2,745.84,26.67
ITEM000954,ORD00081,PROD0131,5,15850.38,3.46
ITEM000955,ORD00646,PROD0236,2,57637.7,8.16
ITEM000956,ORD00556,PROD0239,2,52763.87,1.36
ITEM000957,ORD00901,PROD0127,4,37193.71,43.38
ITEM000958,ORD00428,PROD0390,1,4599.47,19.96
ITEM000959,ORD00422,PROD0390,5,5612.72,4.64
ITEM000960,ORD00359,PROD0519,5,17719.51,6.09
ITEM000961,ORD00430,PROD0124,4,87699.18,17.92
ITEM000962,ORD00649,PROD0426,2,60136.59,4.54
ITEM000963,ORD01039,PROD0369,4,5618.57,5.6
ITEM000964,ORD00936,PROD0017,1,60672.16,21.0
ITEM000965,ORD00205,PROD0364,3,1128.18,41.83
ITEM000966,ORD00890,PROD0308,2,36076.28,4.22
ITEM000967,ORD01319,PROD0400,4,39666.27,48.21
ITEM000968,ORD01495,PROD0332,1,41570.66,12.45
ITEM000969,ORD01157,PROD0010,2,62448.02,7.01
ITEM000970,ORD00963,PROD0040,1,55420.38,10.49
ITEM000971,ORD01354,PROD0301,3,52494.59,41.16
ITEM000972,ORD00859,PROD0177,2,93456.96,48.27
ITEM000973,ORD01370,PROD0186,3,44494.63,5.47
ITEM000974,ORD00333,PROD0031,4,41335.59,20.18
ITEM000975,ORD00765,PROD0272,5,39781.12,39.16
ITEM000976,ORD00680,PROD0030,4,43674.1,43.6
ITEM000977,ORD00835,PROD0048,5,50144.85,29.93
ITEM000978,ORD01076,PROD0174,2,28588.4,17.43
ITEM000979,ORD00457,PROD0095,4,61212.61,5.62
ITEM000980,ORD00975,PROD0476,4,57688.44,26.84
ITEM000981,ORD00276,PROD0001,3,46397.26,44.98
ITEM000982,ORD00527,PROD0132,3,2087.2,18.28
ITEM000983,ORD01257,PROD0099,4,36418.34,41.55
ITEM000984,ORD01170,PROD0201,2,35227.28,6.49
ITEM000985,ORD00293,PROD0231,1,8594.15,35.86
ITEM000986,ORD00579,PROD0108,2,33978.41,9.23
ITEM000987,ORD01351,PROD0309,3,46775.65,23.11
ITEM000988,ORD01210,PROD0533,5,80726.8,44.18
ITEM000989,ORD00270,PROD0336,4,16772.63,7.26
ITEM000990,ORD00071,PROD0395,1,61696.99,48.98
ITEM000991,ORD00030,PROD0147,1,26915.12,11.89
ITEM000992,ORD00813,PROD0331,1,68590.46,24.19
ITEM000993,ORD00705,PROD0193,5,27915.85,49.63
ITEM000994,ORD00929,PROD0270,5,6471.93,37.25
ITEM000995,ORD01343,PROD0527,3,58940.84,44.63
ITEM000996,ORD00523,PROD0350,4,75904.79,22.82
ITEM000997,ORD00198,PROD0351,5,54406.09,39.1
ITEM000998,ORD00874,PROD0027,5,31943.68,11.36
ITEM000999,ORD00937,PROD0114,1,64399.19,14.79
ITEM001000,ORD00712,PROD0315,4,72074.04,49.22
ITEM001001,ORD00170,PROD0517,2,61603.58,47.06
ITEM001002,ORD01047,PROD0200,2,45411.0,11.09
ITEM001003,ORD00035,PROD0204,3,52607.92,39.0
ITEM001004,ORD01153,PROD0544,5,42029.75,26.66
ITEM001005,ORD01105,PROD0236,5,56223.08,7.94
ITEM001006,ORD01394,PROD0170,5,17594.11,46.53
ITEM001007,ORD01467,PROD0156,5,48371.05,30.48
ITEM001008,ORD00415,PROD0286,1,31609.07,47.44
ITEM001009,ORD00608,PROD0400,5,70300.4,44.69
ITEM001010,ORD00959,PROD0330,2,70899.88,15.0
ITEM001011,ORD00154,PROD0258,5,7134.78,10.44
ITEM001012,ORD01256,PROD0069,1,1000.93,7.02
ITEM001013,ORD00985,PROD0165,2,40526.5,7.97
ITEM001014,ORD00859,PROD0401,5,48537.55,41.72
ITEM001015,ORD00145,PROD0232,3,2726.68,20.07
ITEM001016,ORD01487,PROD0600,2,14200.24,7.12
ITEM001017,ORD00565,PROD0336,1,19524.17,26.03
ITEM001018,ORD01074,PROD0106,5,38593.43,33.02
ITEM001019,ORD00612,PROD0128,5,57853.97,22.72
ITEM001020,ORD00145,PROD0350,3,82660.08,2.05
ITEM001021,ORD00524,PROD0116,4,55351.02,8.42
ITEM001022,ORD01454,PROD0499,3,32594.02,5.15
ITEM001023,ORD01499,PROD0372,2,15988.62,33.25
ITEM001024,ORD01437,PROD0443,4,57143.88,5.26
ITEM001025,ORD00574,PROD0283,3,27731.91,16.44
ITEM001026,ORD01366,PROD0258,3,4926.69,5.06
ITEM001027,ORD00995,PROD0249,5,26420.85,29.55
ITEM001028,ORD01364,PROD0273,1,38150.69,41.31
ITEM001029,ORD01000,PROD0575,5,76189.76,18.79
ITEM001030,ORD01063,PROD0392,1,26674.84,29.52
ITEM001031,ORD01317,PROD0101,5,14756.75,48.34
ITEM001032,ORD00489,PROD0370,5,64934.09,45.19
ITEM001033,ORD00864,PROD0404,1,32001.0,39.41
ITEM001034,ORD00944,PROD0588,5,20426.19,19.93
ITEM001035,ORD01287,PROD0443,1,64265.76,9.04
ITEM001036,ORD01292,PROD0337,1,12682.0,20.61
ITEM001037,ORD00059,PROD0468,3,54291.41,34.15
ITEM001038,ORD00722,PROD0255,3,51072.99,2.39
ITEM001039,ORD00939,PROD0270,2,5574.46,38.54
ITEM001040,ORD01121,PROD0330,4,72058.76,39.05
ITEM001041,ORD00353,PROD0512,1,26191.62,30.82
ITEM001042,ORD00467,PROD0325,3,8540.19,36.1
ITEM001043,ORD01310,PROD0416,3,28137.16,31.97
ITEM001044,ORD00784,PROD0208,3,35018.55,24.27
ITEM001045,ORD00691,PROD0449,3,7874.67,47.97
ITEM001046,ORD00662,PROD0017,1,53468.4,15.53
ITEM001047,ORD01037,PROD0574,3,15108.41,26.91
ITEM001048,ORD00816,PROD0078,2,46839.3,35.58
ITEM001049,ORD01359,PROD0415,3,16621.04,17.01
ITEM001050,ORD00725,PROD0407,2,90328.1,5.18
ITEM001051,ORD00602,PROD0584,1,13988.19,11.24
ITEM001052,ORD00084,PROD0252,5,17029.66,49.63
ITEM001053,ORD00054,PROD0507,2,79340.45,49.16
ITEM001054,ORD00503,PROD0232,4,3742.1,10.8
ITEM001055,ORD00026,PROD0304,2,97493.28,42.88
ITEM001056,ORD00990,PROD0450,4,60261.24,49.92
ITEM001057,ORD00394,PROD0423,2,89253.96,29.04
ITEM001058,ORD01285,PROD0590,4,44603.07,35.34
ITEM001059,ORD00746,PROD0270,4,6200.78,45.0
ITEM001060,ORD00481,PROD0328,5,31219.58,47.9
ITEM001061,ORD00276,PROD0330,2,73599.41,28.95
ITEM001062,ORD00198,PROD0520,4,24146.65,5.24
ITEM001063,ORD01238,PROD0234,3,41598.17,32.25
ITEM001064,ORD01135,PROD0230,4,38033.48,41.83
ITEM001065,ORD00943,PROD0449,4,7222.6,3.23
ITEM001066,ORD00351,PROD0023,5,69217.71,32.51
ITEM001067,ORD00712,PROD0489,2,9577.77,17.72
ITEM001068,ORD01473,PROD0283,5,21950.93,44.83
ITEM001069,ORD00057,PROD0503,4,44195.09,47.14
ITEM001070,ORD00812,PROD0221,4,28074.3,34.86
ITEM001071,ORD00624,PROD0339,2,49586.03,43.8
ITEM001072,ORD00834,PROD0148,5,72552.47,29.34
ITEM001073,ORD00014,PROD0055,3,44891.27,38.73
ITEM001074,ORD00146,PROD0066,5,29314.34,8.06
ITEM001075,ORD00399,PROD0255,5,61106.39,49.48
ITEM001076,ORD00372,PROD0031,4,56538.74,16.59
ITEM001077,ORD00193,PROD0414,5,37280.8,34.27
ITEM001078,ORD00835,PROD0391,4,17299.7,17.16
ITEM001079,ORD00197,PROD0319,3,28146.5,21.52
ITEM001080,ORD00517,PROD0512,1,23680.22,20.07
ITEM001081,ORD00465,PROD0360,1,70280.36,37.59
ITEM001082,ORD01073,PROD0264,1,17875.06,3.05
ITEM001083,ORD01141,PROD0061,3,34094.92,0.09
ITEM001084,ORD01084,PROD0013,1,54605.48,15.31
ITEM001085,ORD01164,PROD0577,3,16342.02,47.79
ITEM001086,ORD00387,PROD0511,2,21567.6,48.79
ITEM001087,ORD00199,PROD0159,5,29991.61,8.85
ITEM001088,ORD00903,PROD0182,5,23562.58,40.95
ITEM001089,ORD00063,PROD0040,5,64320.58,39.68
ITEM001090,ORD00247,PROD0320,3,46251.84,34.15
ITEM001091,ORD01209,PROD0531,2,50692.59,24.88
ITEM001092,ORD01236,PROD0159,5,40246.21,46.89
ITEM001093,ORD01349,PROD0562,4,41811.71,47.2
ITEM001094,ORD01370,PROD0568,1,18279.9,18.28
ITEM001095,ORD00491,PROD0503,2,46256.05,2.08
ITEM001096,ORD00121,PROD0492,5,7649.21,25.99
ITEM001097,ORD01359,PROD0329,5,25728.97,35.11
ITEM001098,ORD01069,PROD0404,5,38033.97,14.13
ITEM001099,ORD00278,PROD0459,2,51024.73,31.32
ITEM001100,ORD00828,PROD0446,4,42444.77,1.19
ITEM001101,ORD00214,PROD0330,5,62239.04,19.44
ITEM001102,ORD01020,PROD0295,1,53728.01,2.08
ITEM001103,ORD00183,PROD0315,5,85620.07,28.56
ITEM001104,ORD00356,PROD0322,1,2095.72,2.36
ITEM001105,ORD00621,PROD0395,2,48159.83,26.89
ITEM001106,ORD01402,PROD0445,5,51133.14,8.91
ITEM001107,ORD00760,PROD0046,2,28538.06,47.5
ITEM001108,ORD00454,PROD0328,1,38275.99,24.76
ITEM001109,ORD01170,PROD0016,1,60768.68,10.3
ITEM001110,ORD01412,PROD0120,3,51564.09,12.02
ITEM001111,ORD00678,PROD0182,4,35209.59,18.59
ITEM001112,ORD00824,PROD0046,2,29467.5,12.31
ITEM001113,ORD01370,PROD0265,4,47571.87,35.51
ITEM001114,ORD01283,PROD0318,2,56573.19,32.67
ITEM001115,ORD00559,PROD0420,1,57816.24,20.68
ITEM001116,ORD00570,PROD0195,4,45518.52,0.52
ITEM001117,ORD01419,PROD0405,1,75993.16,22.46
ITEM001118,ORD01358,PROD0229,1,36409.46,5.76
ITEM001119,ORD01001,PROD0069,2,890.46,8.37
ITEM001120,ORD00526,PROD0408,3,75203.1,14.24
ITEM001121,ORD01168,PROD0268,1,29074.2,19.75
ITEM001122,ORD00414,PROD0089,5,64547.33,10.04
ITEM001123,ORD01062,PROD0037,4,24373.04,5.57
ITEM001124,ORD00078,PROD0398,2,50965.38,34.68
ITEM001125,ORD00139,PROD0248,4,36235.67,21.91
ITEM001126,ORD00293,PROD0453,5,24948.85,33.14
ITEM001127,ORD01032,PROD0194,2,43837.01,2.19
ITEM001128,ORD00030,PROD0157,3,88215.87,12.54
ITEM001129,ORD00360,PROD0359,4,44439.22,32.21
ITEM001130,ORD00802,PROD0390,2,5977.37,25.28
ITEM001131,ORD00462,PROD0189,2,15623.84,36.06
ITEM001132,ORD00052,PROD0452,1,29361.81,30.08
ITEM001133,ORD00590,PROD0571,2,8021.49,48.21
ITEM001134,ORD00117,PROD0115,1,29169.81,26.71
ITEM001135,ORD01267,PROD0174,3,34431.24,7.17
ITEM001136,ORD00213,PROD0240,1,51466.87,28.14
ITEM001137,ORD00794,PROD0581,1,27743.47,38.11
ITEM001138,ORD00073,PROD0578,5,11010.71,32.44
ITEM001139,ORD00976,PROD0586,4,54342.46,30.8
ITEM001140,ORD00921,PROD0244,4,27500.42,17.26
ITEM001141,ORD01304,PROD0466,4,82987.09,7.66
ITEM001142,ORD01099,PROD0369,2,5196.93,31.85
ITEM001143,ORD00358,PROD0398,3,82123.47,18.4
ITEM001144,ORD00043,PROD0443,3,61046.1,23.0
ITEM001145,ORD01456,PROD0555,2,83154.51,6.25
ITEM001146,ORD01284,PROD0362,2,30768.76,21.06
ITEM001147,ORD00856,PROD0472,4,59208.75,19.42
ITEM001148,ORD00745,PROD0346,3,22410.08,6.66
ITEM001149,ORD01086,PROD0211,2,556.91,9.55
ITEM001150,ORD00399,PROD0373,4,59196.9,38.2
ITEM001151,ORD00837,PROD0384,3,64218.52,7.07
ITEM001152,ORD00223,PROD0556,4,6373.92,41.64
ITEM001153,ORD01278,PROD0423,1,61293.96,16.88
ITEM001154,ORD00321,PROD0394,5,63883.56,47.16
ITEM001155,ORD00049,PROD0212,4,1113.54,8.62
ITEM001156,ORD01394,PROD0577,2,14629.6,28.75
ITEM001157,ORD00406,PROD0155,4,43396.86,12.28
ITEM001158,ORD00268,PROD0499,3,41283.43,38.17
ITEM001159,ORD01087,PROD0037,1,28788.19,4.29
ITEM001160,ORD00018,PROD0055,3,51468.75,15.66
ITEM001161,ORD00731,PROD0208,2,36736.97,15.38
ITEM001162,ORD00136,PROD0372,5,16293.51,29.17
ITEM001163,ORD00915,PROD0487,3,64231.97,14.49
ITEM001164,ORD00208,PROD0576,2,3002.09,7.6
ITEM001165,ORD00851,PROD0122,5,73534.08,20.48
ITEM001166,ORD01151,PROD0566,4,32305.03,14.06
ITEM001167,ORD00511,PROD0117,2,4527.03,4.85
ITEM001168,ORD00081,PROD0139,4,58467.64,23.84
ITEM001169,ORD00041,PROD0372,4,13814.06,9.09
ITEM001170,ORD00041,PROD0504,5,60831.87,16.99
ITEM001171,ORD00175,PROD0379,1,62333.01,31.2
ITEM001172,ORD01388,PROD0404,2,27182.43,46.75
ITEM001173,ORD01370,PROD0202,3,4131.23,39.64
ITEM001174,ORD00171,PROD0364,5,1147.87,24.74
ITEM001175,ORD01274,PROD0428,2,26652.29,12.64
ITEM001176,ORD01052,PROD0287,5,19372.95,1.17
ITEM001177,ORD00653,PROD0171,1,50846.93,35.03
ITEM001178,ORD00539,PROD0460,4,3962.83,13.64
ITEM001179,ORD01345,PROD0470,1,4856.54,1.57
ITEM001180,ORD01279,PROD0011,5,38472.1,19.03
ITEM001181,ORD00963,PROD0390,4,3467.32,33.6
ITEM001182,ORD01428,PROD0385,3,17052.13,25.63
ITEM001183,ORD00870,PROD0417,3,34562.26,17.31
ITEM001184,ORD00536,PROD0566,2,28758.15,13.33
ITEM001185,ORD00922,PROD0087,3,28443.34,44.79
ITEM001186,ORD00048,PROD0132,1,1627.88,8.86
ITEM001187,ORD00134,PROD0158,5,71598.75,38.94
ITEM001188,ORD00155,PROD0010,1,70263.93,17.06
ITEM001189,ORD01265,PROD0073,2,76243.59,48.28
ITEM001190,ORD00944,PROD0339,1,50767.73,2.81
ITEM001191,ORD00285,PROD0205,1,26199.85,35.91
ITEM001192,ORD00188,PROD0004,4,67045.61,11.65
ITEM001193,ORD00103,PROD0082,4,6147.97,26.47
ITEM001194,ORD00975,PROD0203,4,69662.35,9.3
ITEM001195,ORD00590,PROD0063,4,57838.29,0.32
ITEM001196,ORD00361,PROD0203,3,52069.72,27.1
ITEM001197,ORD00388,PROD0127,1,42046.2,42.43
ITEM001198,ORD00467,PROD0167,4,54116.14,29.62
ITEM001199,ORD01232,PROD0423,5,80315.76,10.91
ITEM001200,ORD00514,PROD0354,2,9435.48,32.74
ITEM001201,ORD01400,PROD0258,3,7460.04,3.23
ITEM001202,ORD00129,PROD0506,3,14513.81,3.02
ITEM001203,ORD00881,PROD0082,4,4918.85,37.21
ITEM001204,ORD00181,PROD0327,5,43417.22,45.72
ITEM001205,ORD01430,PROD0068,5,61878.3,41.99
ITEM001206,ORD00924,PROD0367,4,49117.37,15.01
ITEM001207,ORD01002,PROD0321,5,50126.11,9.51
ITEM001208,ORD01203,PROD0175,1,28779.38,20.49
ITEM001209,ORD00946,PROD0333,4,74644.15,44.95
ITEM001210,ORD00927,PROD0157,2,83061.67,19.28
ITEM001211,ORD00051,PROD0143,3,3650.06,43.51
ITEM001212,ORD00306,PROD0410,3,40789.53,39.57
ITEM001213,ORD01356,PROD0177,2,78590.78,9.2
ITEM001214,ORD00195,PROD0017,4,64165.72,13.54
ITEM001215,ORD00406,PROD0023,4,66887.8,15.18
ITEM001216,ORD01126,PROD0285,2,61912.94,30.34
ITEM001217,ORD01023,PROD0444,4,51885.13,7.99
ITEM001218,ORD01364,PROD0062,3,71111.41,3.35
ITEM001219,ORD00663,PROD0489,5,11257.56,11.76
ITEM001220,ORD01013,PROD0222,4,76321.55,47.84
ITEM001221,ORD01294,PROD0163,3,67210.47,34.2
ITEM001222,ORD00879,PROD0125,5,52909.87,14.09
ITEM001223,ORD01485,PROD0383,2,58528.97,48.52
ITEM001224,ORD00130,PROD0019,4,67946.69,12.31
ITEM001225,ORD00669,PROD0240,3,59576.65,45.09
ITEM001226,ORD00976,PROD0288,5,67847.45,39.69
ITEM001227,ORD01431,PROD0200,2,48173.69,39.08
ITEM001228,ORD01173,PROD0235,5,6280.54,40.67
ITEM001229,ORD00511,PROD0501,5,7971.68,0.97
ITEM001230,ORD01047,PROD0098,4,37013.6,31.18
ITEM001231,ORD00167,PROD0542,4,19900.67,45.02
ITEM001232,ORD01491,PROD0273,1,28734.43,38.87
ITEM001233,ORD00566,PROD0147,3,27077.24,2.95
ITEM001234,ORD00506,PROD0229,1,30333.14,41.24
ITEM001235,ORD00989,PROD0576,2,2836.46,47.83
ITEM001236,ORD00993,PROD0322,5,2512.02,10.0
ITEM001237,ORD01323,PROD0193,5,31335.7,14.78
ITEM001238,ORD00125,PROD0200,5,44504.55,14.12
ITEM001239,ORD00771,PROD0434,1,15581.4,10.21
ITEM001240,ORD00607,PROD0026,1,27523.16,38.12
ITEM001241,ORD00162,PROD0378,4,64694.66,49.65
ITEM001242,ORD00915,PROD0392,5,20171.21,22.21
ITEM001243,ORD00644,PROD0111,3,61099.25,9.89
ITEM001244,ORD01243,PROD0465,3,58220.26,6.43
ITEM001245,ORD00035,PROD0127,1,62304.01,27.63
ITEM001246,ORD00756,PROD0146,3,5391.62,18.75
ITEM001247,ORD00053,PROD0445,3,47371.91,16.33
ITEM001248,ORD00071,PROD0290,3,39584.79,28.43
ITEM001249,ORD01048,PROD0058,2,15551.85,46.35
ITEM001250,ORD00287,PROD0156,1,38997.9,47.01
ITEM001251,ORD00482,PROD0095,3,60773.07,16.91
ITEM001252,ORD00846,PROD0352,1,23059.42,27.26
ITEM001253,ORD01075,PROD0427,4,56521.99,27.4
ITEM001254,ORD00184,PROD0213,4,17167.42,38.14
ITEM001255,ORD00535,PROD0233,2,49969.34,34.18
ITEM001256,ORD00050,PROD0054,2,59030.45,2.11
ITEM001257,ORD00477,PROD0157,2,73006.74,16.15
ITEM001258,ORD01300,PROD0406,1,40273.32,14.48
ITEM001259,ORD00049,PROD0425,5,37778.35,10.01
ITEM001260,ORD00074,PROD0214,2,1552.05,0.36
ITEM001261,ORD01438,PROD0083,5,17648.35,25.46
ITEM001262,ORD00337,PROD0407,2,57921.68,0.37
ITEM001263,ORD01286,PROD0289,3,23438.54,25.54
ITEM001264,ORD00328,PROD0207,5,740.05,9.79
ITEM001265,ORD00534,PROD0403,1,22768.27,22.58
ITEM001266,ORD00913,PROD0525,4,537.1,5.63
ITEM001267,ORD00794,PROD0110,2,5937.22,28.51
ITEM001268,ORD00612,PROD0220,5,36547.3,18.05
ITEM001269,ORD00112,PROD0236,5,85507.07,42.18
ITEM001270,ORD00445,PROD0524,1,52464.9,10.82
ITEM001271,ORD00371,PROD0342,2,58329.81,36.0
ITEM001272,ORD01475,PROD0336,4,23173.55,30.09
ITEM001273,ORD00339,PROD0504,4,69261.08,14.27
ITEM001274,ORD01367,PROD0255,1,56288.68,44.22
ITEM001275,ORD00064,PROD0052,1,5308.39,46.51
ITEM001276,ORD00622,PROD0456,4,60673.78,48.06
ITEM001277,ORD00200,PROD0055,3,35659.87,9.54
ITEM001278,ORD00867,PROD0382,1,30475.86,32.68
ITEM001279,ORD00610,PROD0036,1,14326.4,13.14
ITEM001280,ORD00420,PROD0124,1,93938.56,46.6
ITEM001281,ORD00358,PROD0015,1,34403.55,11.74
ITEM001282,ORD01188,PROD0571,3,8765.75,35.14
ITEM001283,ORD00983,PROD0065,2,59507.46,19.88
ITEM001284,ORD00773,PROD0031,1,49837.06,41.52
ITEM001285,ORD00845,PROD0180,1,16685.01,2.2
ITEM001286,ORD00130,PROD0288,3,84260.99,10.13
ITEM001287,ORD00548,PROD0025,3,13749.06,9.4
ITEM001288,ORD01413,PROD0459,1,74694.62,2.21
ITEM001289,ORD01154,PROD0446,5,70741.83,24.43
ITEM001290,ORD00475,PROD0049,3,44002.85,29.9
ITEM001291,ORD00935,PROD0484,5,5491.54,32.93
ITEM001292,ORD00761,PROD0565,5,8153.37,36.76
ITEM001293,ORD00711,PROD0417,2,45989.9,18.61
ITEM001294,ORD00712,PROD0300,2,37602.13,37.58
ITEM001295,ORD01013,PROD0556,4,6625.14,21.59
ITEM001296,ORD01234,PROD0260,2,51794.69,17.93
ITEM001297,ORD00956,PROD0462,5,10739.63,8.21
ITEM001298,ORD00088,PROD0352,5,28786.26,49.14
ITEM001299,ORD00298,PROD0350,5,70602.33,37.24
ITEM001300,ORD01175,PROD0143,2,4658.87,19.82
ITEM001301,ORD00859,PROD0115,5,31565.96,25.98
ITEM001302,ORD01179,PROD0005,3,32774.79,33.23
ITEM001303,ORD00338,PROD0233,3,66876.68,16.27
ITEM001304,ORD00765,PROD0562,4,36373.59,40.97
ITEM001305,ORD00449,PROD0591,3,16102.82,34.39
ITEM001306,ORD00218,PROD0232,4,2757.22,34.7
ITEM001307,ORD00386,PROD0001,5,55239.6,24.76
ITEM001308,ORD00148,PROD0314,2,35677.27,15.14
ITEM001309,ORD00429,PROD0555,1,81802.08,9.55
ITEM001310,ORD00034,PROD0032,3,36925.29,9.29
ITEM001311,ORD01394,PROD0074,1,31149.35,47.55
ITEM001312,ORD00865,PROD0367,4,38018.92,29.88
ITEM001313,ORD00703,PROD0398,3,55837.79,21.43
ITEM001314,ORD01208,PROD0490,5,42807.55,33.96
ITEM001315,ORD00065,PROD0512,3,26490.13,12.79
ITEM001316,ORD00970,PROD0393,5,26063.37,21.14
ITEM001317,ORD01203,PROD0360,4,99748.73,19.0
ITEM001318,ORD00999,PROD0089,4,46003.91,4.6
ITEM001319,ORD00503,PROD0097,4,53943.05,16.87
ITEM001320,ORD01237,PROD0481,1,47397.65,27.63
ITEM001321,ORD01442,PROD0463,2,49135.96,4.75
ITEM001322,ORD01401,PROD0132,5,2316.45,39.04
ITEM001323,ORD01037,PROD0456,1,53624.33,23.16
ITEM001324,ORD01428,PROD0579,4,80464.79,26.78
ITEM001325,ORD01484,PROD0050,3,19848.38,34.91
ITEM001326,ORD01006,PROD0179,4,16648.78,8.14
ITEM001327,ORD00595,PROD0340,4,35542.79,7.74
ITEM001328,ORD00158,PROD0204,4,51424.19,0.28
ITEM001329,ORD01340,PROD0181,4,31505.41,9.13
ITEM001330,ORD00697,PROD0598,4,53321.67,22.23
ITEM001331,ORD01436,PROD0119,1,58325.66,6.6
ITEM001332,ORD01240,PROD0577,1,13034.79,18.33
ITEM001333,ORD01432,PROD0441,1,12063.5,44.88
ITEM001334,ORD00755,PROD0557,1,26362.51,1.68
ITEM001335,ORD00894,PROD0571,4,7572.57,4.36
ITEM001336,ORD01362,PROD0367,4,50069.81,45.96
ITEM001337,ORD00282,PROD0124,1,61845.71,28.52
ITEM001338,ORD01362,PROD0202,4,5133.68,27.3
ITEM001339,ORD01142,PROD0270,4,5019.34,39.5
ITEM001340,ORD00380,PROD0597,4,39593.25,1.99
ITEM001341,ORD00415,PROD0151,3,8842.64,35.07
ITEM001342,ORD00023,PROD0381,1,23318.54,0.61
ITEM001343,ORD01075,PROD0273,5,30127.31,15.17
ITEM001344,ORD00281,PROD0328,2,41173.01,40.06
ITEM001345,ORD00387,PROD0487,4,56731.93,4.95
ITEM001346,ORD00795,PROD0567,5,60435.6,3.55
ITEM001347,ORD01367,PROD0131,5,13800.72,38.03
ITEM001348,ORD00979,PROD0526,1,18874.44,12.35
ITEM001349,ORD00847,PROD0371,2,25491.43,20.32
ITEM001350,ORD00885,PROD0044,3,64415.97,1.38
ITEM001351,ORD01376,PROD0383,4,61480.1,41.82
ITEM001352,ORD00461,PROD0131,4,18538.39,39.52
ITEM001353,ORD00833,PROD0162,2,24761.19,14.38
ITEM001354,ORD00154,PROD0444,5,29968.91,3.32
ITEM001355,ORD00174,PROD0150,1,23066.07,19.66
ITEM001356,ORD00952,PROD0350,3,78352.83,30.26
ITEM001357,ORD00632,PROD0482,5,53809.79,37.87
ITEM001358,ORD01410,PROD0574,5,13906.54,39.29
ITEM001359,ORD00282,PROD0481,3,40284.31,24.48
ITEM001360,ORD00702,PROD0546,5,16903.66,3.15
ITEM001361,ORD01289,PROD0275,3,6146.92,29.72
ITEM001362,ORD00467,PROD0321,3,48052.76,28.3
ITEM001363,ORD00714,PROD0314,2,36938.67,25.88
ITEM001364,ORD00843,PROD0286,3,26373.5,33.48
ITEM001365,ORD00386,PROD0143,3,3214.22,34.3
ITEM001366,ORD01460,PROD0556,5,6461.09,39.9
ITEM001367,ORD01192,PROD0533,2,60091.58,36.14
ITEM001368,ORD00597,PROD0253,2,40271.68,31.67
ITEM001369,ORD00691,PROD0188,4,29835.46,19.58
ITEM001370,ORD01469,PROD0278,5,18770.65,17.07
ITEM001371,ORD00522,PROD0074,3,28426.22,18.83
ITEM001372,ORD01128,PROD0403,1,15668.97,40.6
ITEM001373,ORD00522,PROD0507,4,83258.43,27.53
ITEM001374,ORD00568,PROD0524,5,56251.92,13.29
ITEM001375,ORD00876,PROD0502,5,43301.28,21.86
ITEM001376,ORD00642,PROD0123,2,40831.91,18.07
ITEM001377,ORD00112,PROD0043,1,19695.81,27.42
ITEM001378,ORD00550,PROD0131,1,21675.2,34.34
ITEM001379,ORD00420,PROD0041,5,56552.25,5.57
ITEM001380,ORD01279,PROD0284,3,60650.8,11.52
ITEM001381,ORD01267,PROD0585,3,50966.01,17.68
ITEM001382,ORD00485,PROD0156,1,39689.13,15.84
ITEM001383,ORD00451,PROD0176,4,1109.84,30.81
ITEM001384,ORD00329,PROD0094,5,80927.94,48.93
ITEM001385,ORD00553,PROD0498,1,27060.47,42.27
ITEM001386,ORD00453,PROD0248,4,36123.0,44.59
ITEM001387,ORD00452,PROD0287,1,11163.6,33.56
ITEM001388,ORD00892,PROD0594,5,92443.56,22.31
ITEM001389,ORD00476,PROD0103,1,32865.37,22.21
ITEM001390,ORD00308,PROD0394,5,76201.01,1.15
ITEM001391,ORD00557,PROD0211,4,641.92,43.76
ITEM001392,ORD00702,PROD0330,1,62783.53,30.78
ITEM001393,ORD00906,PROD0211,3,528.88,3.87
ITEM001394,ORD01432,PROD0387,2,64349.37,10.36
ITEM001395,ORD00644,PROD0362,4,21274.98,35.75
ITEM001396,ORD00473,PROD0389,5,19675.06,48.03
ITEM001397,ORD01406,PROD0577,2,14662.88,3.23
ITEM001398,ORD01461,PROD0023,4,74321.47,17.98
ITEM001399,ORD00042,PROD0503,4,44653.01,45.46
ITEM001400,ORD00184,PROD0448,3,48564.17,13.46
ITEM001401,ORD00533,PROD0491,2,45143.61,42.68
ITEM001402,ORD01321,PROD0530,5,57414.59,9.79
ITEM001403,ORD00075,PROD0391,3,16148.73,11.43
ITEM001404,ORD01449,PROD0163,1,66665.98,27.64
ITEM001405,ORD00513,PROD0082,5,8585.45,22.66
ITEM001406,ORD00601,PROD0146,4,3939.29,45.8
ITEM001407,ORD00470,PROD0420,3,49018.79,3.34
ITEM001408,ORD00189,PROD0054,5,65136.08,39.21
ITEM001409,ORD00361,PROD0296,5,72589.11,21.16
ITEM001410,ORD00344,PROD0242,1,22105.36,9.77
ITEM001411,ORD01460,PROD0079,1,68030.64,13.45
ITEM001412,ORD00367,PROD0547,1,52732.24,27.67
ITEM001413,ORD00756,PROD0184,2,40596.98,9.34
ITEM001414,ORD00018,PROD0334,2,15758.83,25.66
ITEM001415,ORD00043,PROD0513,5,85944.55,19.69
ITEM001416,ORD00343,PROD0050,4,15130.22,6.61
ITEM001417,ORD01248,PROD0377,5,74266.15,23.12
ITEM001418,ORD00932,PROD0180,1,17952.57,8.1
ITEM001419,ORD01242,PROD0044,1,70919.92,6.8
ITEM001420,ORD00589,PROD0472,5,71822.45,33.88
ITEM001421,ORD00809,PROD0564,5,72837.27,44.44
ITEM001422,ORD00956,PROD0533,3,90113.02,28.87
ITEM001423,ORD00830,PROD0258,5,8149.13,8.34
ITEM001424,ORD01024,PROD0130,1,34070.56,29.99
ITEM001425,ORD00753,PROD0306,1,75667.31,20.62
ITEM001426,ORD00770,PROD0307,3,30535.77,24.36
ITEM001427,ORD00033,PROD0221,4,36599.8,37.52
ITEM001428,ORD00922,PROD0144,3,29386.57,7.12
ITEM001429,ORD00466,PROD0450,3,57904.85,23.32
ITEM001430,ORD00953,PROD0381,2,22687.31,20.79
ITEM001431,ORD00106,PROD0252,2,26204.91,46.14
ITEM001432,ORD00606,PROD0384,1,70348.19,45.47
ITEM001433,ORD01339,PROD0444,1,43536.5,17.74
ITEM001434,ORD01050,PROD0565,4,7526.5,49.07
ITEM001435,ORD00982,PROD0070,3,7626.79,15.52
ITEM001436,ORD01038,PROD0170,1,26896.5,7.3
ITEM001437,ORD01457,PROD0576,3,1812.97,25.48
ITEM001438,ORD01292,PROD0534,3,5319.26,20.17
ITEM001439,ORD01256,PROD0472,3,65530.07,14.25
ITEM001440,ORD00105,PROD0530,5,44064.74,21.92
ITEM001441,ORD00999,PROD0444,5,30094.27,38.97
ITEM001442,ORD01493,PROD0580,5,35973.78,48.41
ITEM001443,ORD00774,PROD0339,4,54057.22,31.76
ITEM001444,ORD00295,PROD0146,2,3452.83,19.19
ITEM001445,ORD00808,PROD0226,1,21681.43,0.61
ITEM001446,ORD00273,PROD0200,4,39449.71,20.88
ITEM001447,ORD00311,PROD0438,5,5856.24,49.52
ITEM001448,ORD00432,PROD0001,1,37851.03,1.87
ITEM001449,ORD01490,PROD0495,1,52373.43,45.76
ITEM001450,ORD00340,PROD0506,1,8894.36,22.98
ITEM001451,ORD00702,PROD0382,4,44183.9,12.9
ITEM001452,ORD01144,PROD0562,3,38632.76,16.33
ITEM001453,ORD00319,PROD0533,3,91001.51,38.91
ITEM001454,ORD00503,PROD0232,1,3313.84,13.61
ITEM001455,ORD01043,PROD0308,4,35638.78,49.57
ITEM001456,ORD00106,PROD0308,3,21573.7,7.4
ITEM001457,ORD00458,PROD0225,2,57685.74,7.66
ITEM001458,ORD00202,PROD0556,5,6636.29,37.13
ITEM001459,ORD00859,PROD0581,3,20299.06,12.12
ITEM001460,ORD01277,PROD0493,1,24286.24,46.31
ITEM001461,ORD00117,PROD0447,4,14033.24,7.7
ITEM001462,ORD00970,PROD0032,3,59370.19,5.91
ITEM001463,ORD00483,PROD0499,4,48435.4,19.82
ITEM001464,ORD00439,PROD0416,4,31610.78,14.32
ITEM001465,ORD01251,PROD0169,3,45077.07,16.36
ITEM001466,ORD00772,PROD0085,1,15393.38,39.81
ITEM001467,ORD00018,PROD0154,5,65366.9,44.83
ITEM001468,ORD01429,PROD0156,1,27361.27,8.88
ITEM001469,ORD00274,PROD0299,3,70087.98,45.9
ITEM001470,ORD01434,PROD0366,5,29848.01,8.26
ITEM001471,ORD00635,PROD0339,1,34895.85,29.14
ITEM001472,ORD00081,PROD0001,2,54955.7,44.85
ITEM001473,ORD01005,PROD0111,3,66102.74,30.77
ITEM001474,ORD01078,PROD0074,5,31803.96,3.25
ITEM001475,ORD01242,PROD0267,2,7965.58,35.0
ITEM001476,ORD00197,PROD0509,5,27364.19,14.18
ITEM001477,ORD00806,PROD0347,2,45607.94,40.51
ITEM001478,ORD00735,PROD0522,3,33723.42,35.28
ITEM001479,ORD00822,PROD0429,2,15171.45,42.36
ITEM001480,ORD01365,PROD0335,2,36913.17,7.44
ITEM001481,ORD00318,PROD0038,1,53829.56,43.76
ITEM001482,ORD00303,PROD0111,4,49090.55,36.14
ITEM001483,ORD00579,PROD0341,3,57178.79,35.93
ITEM001484,ORD00892,PROD0420,1,75957.11,33.41
ITEM001485,ORD01376,PROD0566,5,25627.21,35.46
ITEM001486,ORD00970,PROD0035,3,18552.33,9.57
ITEM001487,ORD00136,PROD0051,1,49394.53,40.18
ITEM001488,ORD00798,PROD0192,4,11690.17,48.33
ITEM001489,ORD01453,PROD0332,4,41331.77,16.35
ITEM001490,ORD01449,PROD0433,3,46883.56,37.58
ITEM001491,ORD01434,PROD0189,1,20971.31,8.21
ITEM001492,ORD00514,PROD0426,1,71746.5,49.42
ITEM001493,ORD00304,PROD0044,2,47028.87,30.2
ITEM001494,ORD00570,PROD0208,2,27636.28,38.54
ITEM001495,ORD01294,PROD0370,3,69306.8,18.65
ITEM001496,ORD00006,PROD0108,4,46771.4,48.46
ITEM001497,ORD00414,PROD0217,2,6864.88,32.93
ITEM001498,ORD01035,PROD0281,5,68874.04,26.44
ITEM001499,ORD01210,PROD0202,4,5433.31,36.56
ITEM001500,ORD00081,PROD0466,5,68560.64,26.94
ITEM001501,ORD00935,PROD0046,3,33592.76,20.37
ITEM001502,ORD01285,PROD0065,4,84924.61,20.86
ITEM001503,ORD00950,PROD0586,2,77478.73,41.74
ITEM001504,ORD00457,PROD0461,3,65413.35,32.6
ITEM001505,ORD00080,PROD0235,5,5062.41,13.27
ITEM001506,ORD01087,PROD0235,1,4951.52,41.08
ITEM001507,ORD00490,PROD0407,1,69626.51,47.93
ITEM001508,ORD00561,PROD0549,5,39667.65,0.82
ITEM001509,ORD01311,PROD0314,5,34009.11,24.83
ITEM001510,ORD01189,PROD0219,5,69127.26,14.38
ITEM001511,ORD00238,PROD0241,4,6321.12,16.43
ITEM001512,ORD01117,PROD0206,1,19995.58,3.98
ITEM001513,ORD01325,PROD0252,4,15368.77,6.49
ITEM001514,ORD01498,PROD0265,2,46998.33,33.59
ITEM001515,ORD00852,PROD0166,4,15684.87,8.2
ITEM001516,ORD00200,PROD0296,3,95219.15,34.58
ITEM001517,ORD01309,PROD0071,1,28378.08,43.66
ITEM001518,ORD00007,PROD0246,1,65253.3,39.72
ITEM001519,ORD00554,PROD0184,1,45943.45,16.88
ITEM001520,ORD01025,PROD0548,4,12949.13,24.06
ITEM001521,ORD01259,PROD0285,1,69204.51,4.6
ITEM001522,ORD00362,PROD0398,2,68984.98,12.51
ITEM001523,ORD00038,PROD0089,1,43199.94,17.11
ITEM001524,ORD01070,PROD0548,2,12709.35,46.24
ITEM001525,ORD01294,PROD0360,1,70301.09,19.46
ITEM001526,ORD00886,PROD0107,5,13626.67,20.12
ITEM001527,ORD00344,PROD0195,5,57365.52,38.67
ITEM001528,ORD01429,PROD0069,2,1041.09,46.69
ITEM001529,ORD01013,PROD0571,4,9454.24,32.13
ITEM001530,ORD00408,PROD0043,1,22001.57,0.19
ITEM001531,ORD00728,PROD0018,3,57365.69,20.78
ITEM001532,ORD00016,PROD0323,4,24542.69,42.15
ITEM001533,ORD01218,PROD0534,5,8485.92,29.64
ITEM001534,ORD00970,PROD0507,5,85627.86,36.3
ITEM001535,ORD00698,PROD0123,5,59154.69,39.31
ITEM001536,ORD01307,PROD0325,2,9900.15,41.11
ITEM001537,ORD00601,PROD0040,1,38923.38,15.01
ITEM001538,ORD00281,PROD0265,4,55545.08,14.03
ITEM001539,ORD00844,PROD0077,5,13405.25,24.91
ITEM001540,ORD00615,PROD0417,1,31852.71,14.26
ITEM001541,ORD00379,PROD0096,2,13112.55,30.15
ITEM001542,ORD00206,PROD0372,1,10070.4,13.21
ITEM001543,ORD00684,PROD0326,1,28854.02,10.62
ITEM001544,ORD00162,PROD0238,1,21302.32,42.07
ITEM001545,ORD01127,PROD0555,1,76534.69,27.45
ITEM001546,ORD01183,PROD0560,3,38848.55,32.89
ITEM001547,ORD00206,PROD0414,1,29739.22,43.9
ITEM001548,ORD00191,PROD0342,3,66511.15,6.84
ITEM001549,ORD00194,PROD0005,1,32119.77,2.13
ITEM001550,ORD00740,PROD0416,5,20280.38,7.94
ITEM001551,ORD01150,PROD0254,1,65919.14,9.26
ITEM001552,ORD01166,PROD0107,1,11542.88,36.44
ITEM001553,ORD00260,PROD0174,5,31582.09,20.4
ITEM001554,ORD01396,PROD0536,3,56782.75,36.49
ITEM001555,ORD00385,PROD0505,5,31067.19,21.49
ITEM001556,ORD01256,PROD0398,2,79902.24,14.64
ITEM001557,ORD00279,PROD0415,5,19850.23,28.92
ITEM001558,ORD00552,PROD0256,5,8185.68,6.23
ITEM001559,ORD00861,PROD0262,5,23965.59,48.89
ITEM001560,ORD00831,PROD0196,3,70776.78,28.83
ITEM001561,ORD01313,PROD0595,1,75597.41,12.44
ITEM001562,ORD01457,PROD0042,2,95390.27,37.24
ITEM001563,ORD01498,PROD0074,4,28606.34,10.91
ITEM001564,ORD00231,PROD0589,1,40961.59,35.86
ITEM001565,ORD01426,PROD0015,4,34952.05,10.32
ITEM001566,ORD00296,PROD0151,1,13641.48,16.26
ITEM001567,ORD00842,PROD0388,5,14353.18,22.17
ITEM001568,ORD00413,PROD0150,2,23351.39,9.4
ITEM001569,ORD01364,PROD0249,4,26327.57,13.69
ITEM001570,ORD00101,PROD0259,1,53061.63,7.93
ITEM001571,ORD00123,PROD0470,5,4719.61,20.67
ITEM001572,ORD00589,PROD0145,3,14786.6,21.31
ITEM001573,ORD00029,PROD0485,5,26330.92,22.72
ITEM001574,ORD00621,PROD0230,4,36293.96,43.19
ITEM001575,ORD00977,PROD0400,3,44299.34,11.03
ITEM001576,ORD00274,PROD0018,2,57258.48,19.23
ITEM001577,ORD01130,PROD0522,2,29633.81,36.06
ITEM001578,ORD01070,PROD0261,1,7283.72,32.91
ITEM001579,ORD00636,PROD0414,1,24913.76,47.86
ITEM001580,ORD00220,PROD0248,3,29073.06,12.21
ITEM001581,ORD01369,PROD0570,5,72981.32,46.22
ITEM001582,ORD00375,PROD0509,5,23192.97,47.93
ITEM001583,ORD00671,PROD0568,4,20969.44,0.07
ITEM001584,ORD00397,PROD0192,1,13556.43,36.04
ITEM001585,ORD00871,PROD0258,3,6825.55,31.44
ITEM001586,ORD01372,PROD0579,5,62792.61,19.0
ITEM001587,ORD01280,PROD0201,2,37803.07,42.89
ITEM001588,ORD00731,PROD0483,2,66862.95,24.66
ITEM001589,ORD00883,PROD0576,1,2703.6,5.16
ITEM001590,ORD00281,PROD0237,4,3274.4,10.25
ITEM001591,ORD00845,PROD0548,1,9899.29,49.49
ITEM001592,ORD01124,PROD0452,2,20510.67,10.73
ITEM001593,ORD00760,PROD0100,1,44233.9,45.91
ITEM001594,ORD00838,PROD0124,3,83337.47,44.49
ITEM001595,ORD00429,PROD0096,3,13064.79,30.59
ITEM001596,ORD00192,PROD0257,5,63206.09,31.46
ITEM001597,ORD00494,PROD0046,4,41292.75,27.05
ITEM001598,ORD01347,PROD0007,4,27639.68,10.82
ITEM001599,ORD00844,PROD0339,1,36272.9,29.14
ITEM001600,ORD01179,PROD0285,1,72310.6,17.45
ITEM001601,ORD00731,PROD0464,5,84395.97,1.34
ITEM001602,ORD00200,PROD0586,1,68240.75,9.63
ITEM001603,ORD00322,PROD0240,1,62740.5,9.79
ITEM001604,ORD00429,PROD0203,2,57829.2,3.06
ITEM001605,ORD00921,PROD0232,5,2714.83,5.89
ITEM001606,ORD01483,PROD0210,3,40298.69,44.01
ITEM001607,ORD00614,PROD0443,2,85350.64,41.68
ITEM001608,ORD00326,PROD0486,4,17193.5,18.73
ITEM001609,ORD01092,PROD0180,4,12342.26,38.22
ITEM001610,ORD00434,PROD0075,2,8430.27,21.73
ITEM001611,ORD01433,PROD0171,3,52593.56,35.69
ITEM001612,ORD01387,PROD0544,5,70242.81,45.86
ITEM001613,ORD00676,PROD0464,2,90240.56,29.71
ITEM001614,ORD01353,PROD0581,2,29032.62,21.24
ITEM001615,ORD01252,PROD0456,3,47829.22,30.31
ITEM001616,ORD00042,PROD0201,4,37089.97,38.63
ITEM001617,ORD00953,PROD0094,5,55152.57,34.73
ITEM001618,ORD00111,PROD0236,5,87909.69,5.66
ITEM001619,ORD00982,PROD0405,5,76644.74,40.84
ITEM001620,ORD00109,PROD0531,2,42065.58,11.59
ITEM001621,ORD00259,PROD0247,1,75883.05,30.35
ITEM001622,ORD00152,PROD0248,5,34992.47,16.96
ITEM001623,ORD01101,PROD0096,3,9031.56,27.45
ITEM001624,ORD00366,PROD0046,4,37004.32,41.9
ITEM001625,ORD00287,PROD0226,1,29796.61,31.24
ITEM001626,ORD00147,PROD0433,5,28005.56,38.01
ITEM001627,ORD00944,PROD0169,3,72277.05,16.88
ITEM001628,ORD00068,PROD0012,1,42754.75,34.54
ITEM001629,ORD01481,PROD0032,1,42462.06,37.88
ITEM001630,ORD01305,PROD0600,1,12975.18,9.52
ITEM001631,ORD00202,PROD0450,5,63352.17,2.86
ITEM001632,ORD01292,PROD0027,2,52367.89,15.64
ITEM001633,ORD01377,PROD0118,5,5516.56,37.63
ITEM001634,ORD00535,PROD0164,1,44813.0,7.4
ITEM001635,ORD01369,PROD0591,5,13873.24,24.56
ITEM001636,ORD00157,PROD0155,2,57720.4,14.45
ITEM001637,ORD01274,PROD0044,3,51512.97,2.02
ITEM001638,ORD00891,PROD0479,1,30619.89,2.44
ITEM001639,ORD01356,PROD0268,2,23457.99,31.83
ITEM001640,ORD00182,PROD0371,5,18616.91,7.5
ITEM001641,ORD00774,PROD0577,1,11446.61,7.46
ITEM001642,ORD00552,PROD0524,2,75776.55,18.48
ITEM001643,ORD00101,PROD0375,3,10666.63,39.26
ITEM001644,ORD00769,PROD0043,5,25434.57,31.25
ITEM001645,ORD00109,PROD0417,2,37319.19,30.11
ITEM001646,ORD01258,PROD0572,4,68710.64,39.33
ITEM001647,ORD00035,PROD0539,2,49760.38,3.04
ITEM001648,ORD00097,PROD0126,4,25016.99,26.43
ITEM001649,ORD01139,PROD0542,1,17525.67,36.66
ITEM001650,ORD01319,PROD0182,5,37304.04,24.92
ITEM001651,ORD00510,PROD0529,2,47384.41,38.19
ITEM001652,ORD01083,PROD0066,4,26699.74,7.74
ITEM001653,ORD00135,PROD0145,4,18132.28,14.76
ITEM001654,ORD00350,PROD0535,5,75419.35,33.35
ITEM001655,ORD00630,PROD0418,3,21440.4,12.14
ITEM001656,ORD00860,PROD0134,3,46626.76,42.25
ITEM001657,ORD00883,PROD0220,1,27441.74,38.91
ITEM001658,ORD00169,PROD0474,1,38323.84,14.58
ITEM001659,ORD01294,PROD0400,2,50521.83,37.51
ITEM001660,ORD00596,PROD0044,2,52279.51,11.45
ITEM001661,ORD01384,PROD0378,3,57172.03,9.35
ITEM001662,ORD00393,PROD0024,1,56068.68,15.39
ITEM001663,ORD00574,PROD0298,5,23685.39,40.74
ITEM001664,ORD01035,PROD0024,2,64715.57,18.42
ITEM001665,ORD01139,PROD0513,5,56862.12,49.11
ITEM001666,ORD00680,PROD0138,4,66776.36,34.86
ITEM001667,ORD01380,PROD0349,1,39993.85,31.95
ITEM001668,ORD00597,PROD0245,2,13634.64,10.45
ITEM001669,ORD00728,PROD0199,5,11383.28,15.75
ITEM001670,ORD01452,PROD0126,4,33083.88,40.34
ITEM001671,ORD00210,PROD0093,1,27177.7,22.74
ITEM001672,ORD00956,PROD0127,5,37876.58,48.78
ITEM001673,ORD00494,PROD0094,2,70707.2,6.74
ITEM001674,ORD01319,PROD0331,2,48220.4,20.33
ITEM001675,ORD00072,PROD0079,1,72985.1,30.59
ITEM001676,ORD01035,PROD0509,3,41890.73,4.77
ITEM001677,ORD01026,PROD0417,5,49563.96,26.22
ITEM001678,ORD00018,PROD0011,2,44344.45,1.33
ITEM001679,ORD00061,PROD0110,3,8351.95,5.6
ITEM001680,ORD00262,PROD0537,1,64321.4,18.86
ITEM001681,ORD00968,PROD0510,3,36656.82,41.15
ITEM001682,ORD01221,PROD0123,4,62234.35,44.11
ITEM001683,ORD01393,PROD0219,4,58359.7,39.6
ITEM001684,ORD00275,PROD0060,1,62665.12,3.55
ITEM001685,ORD00253,PROD0539,5,55706.19,26.96
ITEM001686,ORD00463,PROD0237,4,2746.64,17.15
ITEM001687,ORD00055,PROD0143,4,3225.01,40.75
ITEM001688,ORD00323,PROD0221,5,33427.66,7.39
ITEM001689,ORD00492,PROD0463,3,41681.66,20.91
ITEM001690,ORD00189,PROD0262,1,26720.95,42.86
ITEM001691,ORD00603,PROD0134,5,42163.18,47.03
ITEM001692,ORD00088,PROD0376,1,74136.18,16.87
ITEM001693,ORD01009,PROD0405,4,65667.91,39.54
ITEM001694,ORD00095,PROD0532,1,29702.53,6.44
ITEM001695,ORD00037,PROD0044,2,67445.54,2.77
ITEM001696,ORD00417,PROD0370,4,55517.67,30.37
ITEM001697,ORD00056,PROD0396,2,82632.31,3.63
ITEM001698,ORD00436,PROD0103,2,40101.67,12.7
ITEM001699,ORD00698,PROD0365,1,74856.81,25.45
ITEM001700,ORD00376,PROD0447,5,9168.18,31.32
ITEM001701,ORD00994,PROD0435,5,946.4,7.13
ITEM001702,ORD00432,PROD0538,3,6628.86,48.16
ITEM001703,ORD00238,PROD0248,3,41777.67,0.25
ITEM001704,ORD01081,PROD0459,2,52696.73,11.87
ITEM001705,ORD01367,PROD0564,5,50791.61,2.31
ITEM001706,ORD00479,PROD0384,5,87045.49,2.67
ITEM001707,ORD01367,PROD0380,4,71498.23,0.9
ITEM001708,ORD00098,PROD0520,3,30436.59,29.04
ITEM001709,ORD00133,PROD0297,3,57307.25,46.75
ITEM001710,ORD01464,PROD0464,3,79422.4,8.28
ITEM001711,ORD01225,PROD0587,5,96386.39,21.04
ITEM001712,ORD01279,PROD0587,4,93135.64,32.84
ITEM001713,ORD01132,PROD0468,1,72513.05,14.78
ITEM001714,ORD01097,PROD0375,5,8383.42,47.6
ITEM001715,ORD00509,PROD0151,3,11661.75,14.72
ITEM001716,ORD01025,PROD0318,5,48162.69,48.74
ITEM001717,ORD00399,PROD0180,2,12340.69,41.96
ITEM001718,ORD00457,PROD0302,2,59296.33,21.49
ITEM001719,ORD01155,PROD0574,1,12444.38,34.98
ITEM001720,ORD01143,PROD0485,2,33134.92,5.89
ITEM001721,ORD00856,PROD0032,4,38377.76,10.8
ITEM001722,ORD01151,PROD0234,5,39221.38,16.29
ITEM001723,ORD01357,PROD0371,2,26368.58,26.01
ITEM001724,ORD01347,PROD0575,1,76136.47,49.05
ITEM001725,ORD00007,PROD0353,4,8219.07,5.89
ITEM001726,ORD00292,PROD0580,5,46208.13,1.5
ITEM001727,ORD00302,PROD0416,5,30293.28,27.23
ITEM001728,ORD00301,PROD0445,3,38527.44,27.53
ITEM001729,ORD01174,PROD0388,3,12290.66,3.64
ITEM001730,ORD00444,PROD0016,5,48294.84,21.3
ITEM001731,ORD01377,PROD0150,2,29408.97,15.68
ITEM001732,ORD00690,PROD0124,3,92286.2,38.86
ITEM001733,ORD00817,PROD0555,2,55048.06,39.81
ITEM001734,ORD00637,PROD0522,3,41118.0,2.03
ITEM001735,ORD00061,PROD0169,4,64431.91,0.05
ITEM001736,ORD01368,PROD0527,4,68886.21,45.37
ITEM001737,ORD00798,PROD0065,1,55422.54,48.98
ITEM001738,ORD00793,PROD0516,2,27213.51,33.42
ITEM001739,ORD01254,PROD0343,1,3683.07,3.31
ITEM001740,ORD01081,PROD0058,5,16923.54,4.01
ITEM001741,ORD01290,PROD0075,3,6572.89,20.39
ITEM001742,ORD00363,PROD0535,2,84573.29,47.47
ITEM001743,ORD01315,PROD0422,2,25333.55,18.42
ITEM001744,ORD01306,PROD0287,3,11287.95,24.76
ITEM001745,ORD00907,PROD0289,4,18246.69,35.72
ITEM001746,ORD00920,PROD0144,4,36042.56,20.58
ITEM001747,ORD00267,PROD0141,3,5738.17,39.93
ITEM001748,ORD01008,PROD0486,4,29991.92,49.1
ITEM001749,ORD01158,PROD0069,3,630.18,46.83
ITEM001750,ORD01382,PROD0547,3,33974.19,9.76
ITEM001751,ORD00416,PROD0465,2,55121.86,6.63
ITEM001752,ORD00644,PROD0367,2,43941.7,45.79
ITEM001753,ORD00822,PROD0112,4,40886.18,3.96
ITEM001754,ORD00022,PROD0210,2,41407.89,3.93
ITEM001755,ORD00335,PROD0001,4,36464.1,37.52
ITEM001756,ORD00488,PROD0526,3,14296.13,24.79
ITEM001757,ORD01175,PROD0354,4,7232.22,10.91
ITEM001758,ORD00153,PROD0559,3,68179.07,29.63
ITEM001759,ORD01487,PROD0173,5,50403.64,7.04
ITEM001760,ORD00811,PROD0302,5,37539.88,40.87
ITEM001761,ORD00884,PROD0283,3,33012.75,11.83
ITEM001762,ORD00420,PROD0257,1,58228.57,26.71
ITEM001763,ORD00291,PROD0475,4,7164.67,8.52
ITEM001764,ORD00383,PROD0077,1,17379.24,31.95
ITEM001765,ORD01007,PROD0550,2,57501.47,9.67
ITEM001766,ORD01064,PROD0430,2,24786.14,17.01
ITEM001767,ORD01007,PROD0449,2,7887.05,43.33
ITEM001768,ORD00475,PROD0553,2,64856.46,42.4
ITEM001769,ORD00363,PROD0557,3,26198.64,16.92
ITEM001770,ORD01173,PROD0461,1,73685.85,35.14
ITEM001771,ORD01116,PROD0439,4,62623.96,49.72
ITEM001772,ORD00929,PROD0490,1,38311.74,46.91
ITEM001773,ORD00484,PROD0415,5,24325.6,7.33
ITEM001774,ORD00032,PROD0374,1,39603.97,7.18
ITEM001775,ORD01350,PROD0176,2,1126.01,17.47
ITEM001776,ORD01381,PROD0164,1,56127.17,33.94
ITEM001777,ORD01351,PROD0375,1,10435.47,26.95
ITEM001778,ORD00917,PROD0108,3,38170.72,7.52
ITEM001779,ORD00150,PROD0536,2,40875.95,28.53
ITEM001780,ORD00671,PROD0582,4,54387.18,37.75
ITEM001781,ORD00081,PROD0571,5,10317.63,34.09
ITEM001782,ORD00482,PROD0441,5,11442.1,14.44
ITEM001783,ORD01120,PROD0017,2,51085.98,45.93
ITEM001784,ORD00678,PROD0035,5,25754.75,11.49
ITEM001785,ORD01111,PROD0444,5,46370.79,12.54
ITEM001786,ORD00598,PROD0134,3,50469.22,16.89
ITEM001787,ORD01249,PROD0525,5,697.06,32.36
ITEM001788,ORD00581,PROD0356,4,42568.19,25.38
ITEM001789,ORD00074,PROD0452,1,22446.75,8.95
ITEM001790,ORD01115,PROD0412,4,26090.2,9.8
ITEM001791,ORD01345,PROD0192,1,14952.3,22.6
ITEM001792,ORD00780,PROD0080,5,49550.41,31.39
ITEM001793,ORD00945,PROD0507,5,67720.0,19.22
ITEM001794,ORD00308,PROD0589,4,37769.43,35.93
ITEM001795,ORD00316,PROD0133,3,52735.78,9.81
ITEM001796,ORD00079,PROD0545,3,23423.29,0.03
ITEM001797,ORD01318,PROD0191,2,41521.47,34.78
ITEM001798,ORD00062,PROD0370,4,54938.83,30.98
ITEM001799,ORD01405,PROD0468,5,43291.94,33.65
ITEM001800,ORD00344,PROD0287,5,12737.3,37.32
ITEM001801,ORD00768,PROD0275,3,4117.86,26.18
ITEM001802,ORD00944,PROD0404,2,27781.5,41.32
ITEM001803,ORD01253,PROD0302,2,55202.76,31.7
ITEM001804,ORD00273,PROD0546,5,19021.7,39.48
ITEM001805,ORD00456,PROD0200,5,48063.6,46.19
ITEM001806,ORD00212,PROD0349,4,36680.04,3.98
ITEM001807,ORD01394,PROD0336,2,18434.87,16.89
ITEM001808,ORD00990,PROD0183,3,26142.27,48.43
ITEM001809,ORD00352,PROD0414,5,27989.9,34.73
ITEM001810,ORD00704,PROD0543,5,72250.15,18.5
ITEM001811,ORD00458,PROD0517,1,67779.05,19.56
ITEM001812,ORD00750,PROD0027,4,41246.58,47.81
ITEM001813,ORD01145,PROD0333,1,81120.1,37.8
ITEM001814,ORD01393,PROD0295,3,44413.63,9.71
ITEM001815,ORD01287,PROD0123,5,59547.48,3.73
ITEM001816,ORD00232,PROD0493,5,20751.06,2.34
ITEM001817,ORD01069,PROD0342,5,49400.71,39.67
ITEM001818,ORD00177,PROD0373,2,54058.55,4.41
ITEM001819,ORD00602,PROD0465,1,65108.0,16.39
ITEM001820,ORD00220,PROD0222,2,70778.26,44.3
ITEM001821,ORD00860,PROD0488,5,42071.25,39.94
ITEM001822,ORD00917,PROD0325,1,7990.16,31.04
ITEM001823,ORD00307,PROD0112,3,50274.09,39.62
ITEM001824,ORD00073,PROD0363,2,4193.24,30.79
ITEM001825,ORD00250,PROD0537,4,78228.52,30.25
ITEM001826,ORD00270,PROD0490,1,35223.53,6.49
ITEM001827,ORD01054,PROD0540,5,53195.02,17.42
ITEM001828,ORD00334,PROD0141,3,8224.15,45.64
ITEM001829,ORD00877,PROD0427,1,64217.04,43.2
ITEM001830,ORD01196,PROD0519,4,18336.43,22.49
ITEM001831,ORD00906,PROD0287,3,18993.17,6.91
ITEM001832,ORD01447,PROD0346,5,18514.92,37.04
ITEM001833,ORD01371,PROD0287,5,16893.98,36.64
ITEM001834,ORD00865,PROD0373,3,67201.67,42.08
ITEM001835,ORD00590,PROD0183,5,21921.02,47.9
ITEM001836,ORD00244,PROD0085,4,26053.91,1.27
ITEM001837,ORD00013,PROD0041,1,60789.51,15.34
ITEM001838,ORD01310,PROD0236,5,75676.3,11.6
ITEM001839,ORD00485,PROD0135,1,22652.84,43.42
ITEM001840,ORD00142,PROD0214,1,1329.54,24.03
ITEM001841,ORD01069,PROD0209,4,53393.41,9.11
ITEM001842,ORD00206,PROD0291,3,16538.2,25.99
ITEM001843,ORD01264,PROD0393,4,23664.37,49.76
ITEM001844,ORD01005,PROD0148,4,71989.71,34.52
ITEM001845,ORD00455,PROD0434,4,21737.42,39.44
ITEM001846,ORD01474,PROD0300,4,25332.02,0.32
ITEM001847,ORD00751,PROD0528,2,91652.42,14.4
ITEM001848,ORD00143,PROD0539,2,74848.17,8.64
ITEM001849,ORD01113,PROD0109,2,13158.2,3.15
ITEM001850,ORD00410,PROD0147,1,24188.2,31.2
ITEM001851,ORD00121,PROD0387,1,67467.53,25.98
ITEM001852,ORD00851,PROD0269,4,18242.99,35.88
ITEM001853,ORD00949,PROD0354,1,9446.04,38.35
ITEM001854,ORD00828,PROD0532,1,41875.32,8.85
ITEM001855,ORD00371,PROD0359,4,52672.38,13.02
ITEM001856,ORD00744,PROD0576,3,2412.45,18.95
ITEM001857,ORD01170,PROD0034,3,13904.31,4.51
ITEM001858,ORD01372,PROD0465,4,89187.76,27.69
ITEM001859,ORD01495,PROD0105,4,3651.95,43.45
ITEM001860,ORD01472,PROD0451,1,32379.08,8.78
ITEM001861,ORD00937,PROD0221,2,30512.82,35.86
ITEM001862,ORD00445,PROD0579,5,87038.37,47.83
ITEM001863,ORD00060,PROD0334,2,11053.1,28.83
ITEM001864,ORD01161,PROD0220,4,37688.43,47.77
ITEM001865,ORD00875,PROD0335,5,32741.72,15.16
ITEM001866,ORD01133,PROD0564,2,54528.29,8.33
ITEM001867,ORD01338,PROD0373,2,67259.98,42.78
ITEM001868,ORD01107,PROD0209,3,53405.37,15.4
ITEM001869,ORD00856,PROD0126,4,33021.73,23.15
ITEM001870,ORD01010,PROD0225,2,69447.96,14.49
ITEM001871,ORD00041,PROD0585,3,35159.66,12.69
ITEM001872,ORD01021,PROD0120,2,88905.46,30.18
ITEM001873,ORD01193,PROD0450,1,47740.79,8.72
ITEM001874,ORD00144,PROD0166,1,17081.64,33.34
ITEM001875,ORD01221,PROD0480,5,60949.67,35.94
ITEM001876,ORD00439,PROD0503,3,31211.62,47.56
ITEM001877,ORD01063,PROD0249,2,21101.34,40.62
ITEM001878,ORD00202,PROD0138,3,59015.19,39.53
ITEM001879,ORD00112,PROD0562,2,29082.49,44.17
ITEM001880,ORD00544,PROD0568,4,21421.92,46.99
ITEM001881,ORD00954,PROD0532,5,38342.22,28.45
ITEM001882,ORD00716,PROD0216,3,77373.97,17.87
ITEM001883,ORD00485,PROD0548,4,16039.0,39.93
ITEM001884,ORD00083,PROD0207,1,750.99,15.11
ITEM001885,ORD00795,PROD0084,5,30377.83,28.69
ITEM001886,ORD00225,PROD0472,1,55761.47,43.59
ITEM001887,ORD00431,PROD0585,1,29513.35,7.46
ITEM001888,ORD01183,PROD0172,5,16837.43,33.2
ITEM001889,ORD00190,PROD0311,2,50364.57,32.69
ITEM001890,ORD01048,PROD0198,1,14023.93,9.82
ITEM001891,ORD00011,PROD0591,4,18081.75,4.13
ITEM001892,ORD01407,PROD0512,1,30819.53,5.76
ITEM001893,ORD00815,PROD0050,2,21452.32,5.78
ITEM001894,ORD00323,PROD0121,4,30120.17,37.63
ITEM001895,ORD00286,PROD0055,1,45347.45,37.3
ITEM001896,ORD00183,PROD0119,1,67501.46,5.23
ITEM001897,ORD00371,PROD0043,1,24163.44,1.6
ITEM001898,ORD00279,PROD0352,5,26656.77,46.62
ITEM001899,ORD00406,PROD0220,1,27155.59,9.62
ITEM001900,ORD00779,PROD0346,2,20875.88,33.02
ITEM001901,ORD00933,PROD0309,5,32088.86,38.22
ITEM001902,ORD00578,PROD0181,1,32655.69,1.14
ITEM001903,ORD01144,PROD0405,5,53990.58,16.86
ITEM001904,ORD00018,PROD0591,3,17998.51,7.51
ITEM001905,ORD00588,PROD0385,2,13299.64,41.16
ITEM001906,ORD00397,PROD0376,3,72044.15,41.98
ITEM001907,ORD00136,PROD0002,2,28717.58,28.44
ITEM001908,ORD00708,PROD0132,5,1909.64,0.85
ITEM001909,ORD00200,PROD0235,4,4597.82,13.77
ITEM001910,ORD00869,PROD0368,5,58561.73,18.33
ITEM001911,ORD00629,PROD0134,2,49602.4,12.97
ITEM001912,ORD00154,PROD0160,1,23167.83,24.09
ITEM001913,ORD00111,PROD0433,1,34062.33,8.1
ITEM001914,ORD00473,PROD0571,4,8811.94,8.32
ITEM001915,ORD01269,PROD0063,4,79783.8,48.2
ITEM001916,ORD00884,PROD0437,5,23717.3,11.41
ITEM001917,ORD00260,PROD0289,5,24675.14,45.06
ITEM001918,ORD00702,PROD0328,3,42998.17,7.93
ITEM001919,ORD01402,PROD0008,2,31992.19,43.32
ITEM001920,ORD00067,PROD0256,1,5304.87,30.81
ITEM001921,ORD00831,PROD0509,5,40429.52,31.99
ITEM001922,ORD00755,PROD0434,3,18909.3,18.54
ITEM001923,ORD01209,PROD0357,3,9468.07,42.18
ITEM001924,ORD00505,PROD0258,4,7789.47,6.84
ITEM001925,ORD00515,PROD0473,4,34689.62,2.21
ITEM001926,ORD00122,PROD0122,5,46375.2,10.36
ITEM001927,ORD00845,PROD0568,2,15492.45,19.93
ITEM001928,ORD00185,PROD0501,2,7755.2,2.13
ITEM001929,ORD00027,PROD0530,1,66630.21,33.51
ITEM001930,ORD00918,PROD0110,2,7576.03,43.42
ITEM001931,ORD00222,PROD0351,1,61754.77,9.77
ITEM001932,ORD00087,PROD0419,4,2997.36,2.69
ITEM001933,ORD01460,PROD0235,3,4464.28,2.39
ITEM001934,ORD00590,PROD0370,5,74573.23,24.6
ITEM001935,ORD00409,PROD0411,2,27635.94,9.83
ITEM001936,ORD00036,PROD0579,4,55827.38,26.58
ITEM001937,ORD01082,PROD0364,4,857.67,21.47
ITEM001938,ORD00520,PROD0509,1,27000.29,28.06
ITEM001939,ORD00684,PROD0204,2,55057.67,7.83
ITEM001940,ORD00901,PROD0261,4,10295.74,21.84
ITEM001941,ORD00305,PROD0081,3,67288.56,26.23
ITEM001942,ORD00284,PROD0487,1,41834.84,48.99
ITEM001943,ORD00826,PROD0425,4,38721.38,48.25
ITEM001944,ORD01284,PROD0026,1,29630.42,2.53
ITEM001945,ORD01206,PROD0498,4,27648.53,12.62
ITEM001946,ORD00041,PROD0269,5,19243.32,38.41
ITEM001947,ORD01131,PROD0070,5,9717.15,42.9
ITEM001948,ORD01293,PROD0277,5,4342.95,12.46
ITEM001949,ORD01450,PROD0068,3,83635.29,2.11
ITEM001950,ORD01251,PROD0514,1,73513.99,14.88
ITEM001951,ORD01225,PROD0509,4,37952.75,26.46
ITEM001952,ORD01010,PROD0230,1,36236.32,29.52
ITEM001953,ORD01404,PROD0124,4,71685.23,27.83
ITEM001954,ORD00600,PROD0105,4,6100.23,47.77
ITEM001955,ORD00305,PROD0222,4,67237.63,2.46
ITEM001956,ORD00983,PROD0585,3,34856.33,41.55
ITEM001957,ORD00661,PROD0448,2,44318.52,34.44
ITEM001958,ORD01056,PROD0297,5,57127.8,5.7
ITEM001959,ORD01251,PROD0457,1,38236.89,41.13
ITEM001960,ORD00541,PROD0170,4,25147.65,47.79
ITEM001961,ORD00286,PROD0027,2,40022.65,25.78
ITEM001962,ORD01108,PROD0176,1,1020.98,2.75
ITEM001963,ORD00325,PROD0029,3,20370.61,46.54
ITEM001964,ORD01118,PROD0086,2,54020.81,35.09
ITEM001965,ORD01260,PROD0586,5,65646.77,44.25
ITEM001966,ORD01198,PROD0460,2,5385.44,4.18
ITEM001967,ORD00911,PROD0023,5,71503.9,29.38
ITEM001968,ORD00594,PROD0521,1,42635.44,42.57
ITEM001969,ORD01120,PROD0409,3,306.9,6.91
ITEM001970,ORD00247,PROD0463,3,46679.86,36.87
ITEM001971,ORD00478,PROD0585,4,52024.83,18.69
ITEM001972,ORD00024,PROD0553,2,39674.58,1.28
ITEM001973,ORD01107,PROD0048,4,53194.79,23.66
ITEM001974,ORD00192,PROD0185,2,7240.76,4.26
ITEM001975,ORD01220,PROD0413,1,47864.77,33.4
ITEM001976,ORD00324,PROD0524,4,64944.48,29.52
ITEM001977,ORD00339,PROD0434,5,21788.08,7.52
ITEM001978,ORD01488,PROD0402,5,47795.86,33.51
ITEM001979,ORD00978,PROD0052,3,3096.81,17.73
ITEM001980,ORD01462,PROD0121,3,39246.82,4.42
ITEM001981,ORD01190,PROD0434,1,16159.74,2.2
ITEM001982,ORD01131,PROD0255,2,52343.51,33.71
ITEM001983,ORD01416,PROD0567,5,42006.14,36.14
ITEM001984,ORD00726,PROD0110,4,7527.13,42.95
ITEM001985,ORD01349,PROD0408,2,64793.44,2.26
ITEM001986,ORD01239,PROD0432,3,65202.45,18.82
ITEM001987,ORD01120,PROD0255,3,66060.6,21.47
ITEM001988,ORD00545,PROD0464,5,67520.6,3.24
ITEM001989,ORD00024,PROD0157,5,66117.74,19.3
ITEM001990,ORD00328,PROD0365,5,72752.04,41.28
ITEM001991,ORD00833,PROD0282,5,49429.03,0.02
ITEM001992,ORD01176,PROD0228,3,13680.26,26.64
ITEM001993,ORD01028,PROD0234,5,27091.33,21.8
ITEM001994,ORD00530,PROD0405,4,54415.56,49.38
ITEM001995,ORD01080,PROD0456,5,55915.66,21.25
ITEM001996,ORD01277,PROD0065,1,63001.85,10.72
ITEM001997,ORD00232,PROD0255,3,57660.57,49.36
ITEM001998,ORD01311,PROD0168,2,73865.4,5.4
ITEM001999,ORD00437,PROD0487,4,70597.02,17.09
ITEM002000,ORD00510,PROD0045,3,30802.6,25.55
ITEM002001,ORD00821,PROD0341,1,67676.36,18.02
ITEM002002,ORD00571,PROD0310,4,5339.72,6.23
ITEM002003,ORD00200,PROD0440,3,26519.61,43.65
ITEM002004,ORD01428,PROD0297,3,39893.68,28.36
ITEM002005,ORD00824,PROD0065,4,81863.88,24.21
ITEM002006,ORD00134,PROD0529,2,56921.83,29.73
ITEM002007,ORD01174,PROD0560,1,32285.13,47.82
ITEM002008,ORD01494,PROD0003,4,12440.94,27.56
ITEM002009,ORD00199,PROD0279,1,44553.77,20.68
ITEM002010,ORD00215,PROD0232,3,3691.38,45.96
ITEM002011,ORD01284,PROD0386,3,46844.43,30.82
ITEM002012,ORD01103,PROD0255,5,49536.74,30.93
ITEM002013,ORD00902,PROD0320,5,55759.13,15.62
ITEM002014,ORD00185,PROD0336,3,19015.79,48.94
ITEM002015,ORD01352,PROD0051,1,32230.11,6.74
ITEM002016,ORD01227,PROD0185,1,9339.91,39.05
ITEM002017,ORD00740,PROD0253,4,46709.97,2.22
ITEM002018,ORD00233,PROD0073,4,54947.98,34.14
ITEM002019,ORD00127,PROD0233,5,68777.29,38.56
ITEM002020,ORD00809,PROD0213,4,19097.92,20.54
ITEM002021,ORD01453,PROD0129,1,14077.92,13.0
ITEM002022,ORD00763,PROD0058,4,15450.8,2.46
ITEM002023,ORD01217,PROD0587,3,90349.04,14.94
ITEM002024,ORD01189,PROD0257,2,45602.49,46.03
ITEM002025,ORD00769,PROD0281,5,78383.71,21.57
ITEM002026,ORD00841,PROD0052,3,4922.66,13.11
ITEM002027,ORD00030,PROD0319,3,33097.16,18.21
ITEM002028,ORD00908,PROD0349,5,55938.49,28.56
ITEM002029,ORD00632,PROD0327,2,30805.49,25.32
ITEM002030,ORD01247,PROD0030,4,47033.08,42.85
ITEM002031,ORD00757,PROD0265,4,52459.78,39.16
ITEM002032,ORD01298,PROD0189,4,15630.04,14.46
ITEM002033,ORD00223,PROD0407,3,76943.83,17.35
ITEM002034,ORD00110,PROD0010,4,49592.91,9.34
ITEM002035,ORD00359,PROD0156,3,31360.66,38.1
ITEM002036,ORD00926,PROD0439,4,63058.5,23.7
ITEM002037,ORD00822,PROD0138,3,66892.18,19.51
ITEM002038,ORD00213,PROD0081,2,55962.55,49.17
ITEM002039,ORD00190,PROD0382,5,41335.89,12.56
ITEM002040,ORD01059,PROD0398,1,47941.07,45.22
ITEM002041,ORD01100,PROD0016,1,48086.72,25.81
ITEM002042,ORD00812,PROD0493,4,26921.0,6.39
ITEM002043,ORD00163,PROD0178,5,81763.65,47.09
ITEM002044,ORD00910,PROD0014,3,43429.44,49.71
ITEM002045,ORD00837,PROD0270,2,7245.76,21.25
ITEM002046,ORD00302,PROD0114,2,46344.12,26.44
ITEM002047,ORD00469,PROD0491,3,47072.82,17.29
ITEM002048,ORD01206,PROD0396,5,55040.36,27.71
ITEM002049,ORD01302,PROD0173,3,71944.23,47.4
ITEM002050,ORD00359,PROD0318,2,35203.08,27.87
ITEM002051,ORD00477,PROD0516,3,44070.79,18.1
ITEM002052,ORD00550,PROD0049,1,52651.81,21.46
ITEM002053,ORD00626,PROD0377,3,69416.6,16.93
ITEM002054,ORD00299,PROD0202,1,3637.67,47.22
ITEM002055,ORD00316,PROD0459,3,67081.01,30.74
ITEM002056,ORD01498,PROD0504,5,75965.97,49.16
ITEM002057,ORD00924,PROD0449,4,7912.06,12.14
ITEM002058,ORD00602,PROD0171,4,37815.24,9.58
ITEM002059,ORD01137,PROD0552,4,10443.11,40.98
ITEM002060,ORD00973,PROD0363,1,4688.84,3.04
ITEM002061,ORD00138,PROD0397,2,84726.9,12.75
ITEM002062,ORD01464,PROD0200,1,35427.01,49.72
ITEM002063,ORD00471,PROD0333,5,76389.44,7.24
ITEM002064,ORD01279,PROD0235,3,7097.95,44.05
ITEM002065,ORD00025,PROD0037,1,24887.17,35.76
ITEM002066,ORD00812,PROD0452,4,24553.58,25.71
ITEM002067,ORD00138,PROD0436,3,81339.1,13.94
ITEM002068,ORD00521,PROD0369,3,5643.67,2.67
ITEM002069,ORD01089,PROD0216,5,86041.02,34.42
ITEM002070,ORD00974,PROD0223,4,59365.28,27.62
ITEM002071,ORD00032,PROD0329,2,26891.36,6.17
ITEM002072,ORD01100,PROD0468,5,59577.07,12.77
ITEM002073,ORD01104,PROD0396,5,77562.51,21.28
ITEM002074,ORD01201,PROD0541,5,86726.78,44.24
ITEM002075,ORD01415,PROD0063,3,91061.13,15.73
ITEM002076,ORD01186,PROD0137,4,43323.6,41.99
ITEM002077,ORD01395,PROD0141,3,7389.72,1.82
ITEM002078,ORD00184,PROD0554,4,60661.08,8.75
ITEM002079,ORD00271,PROD0209,5,56191.12,29.62
ITEM002080,ORD00334,PROD0534,2,6233.12,39.62
ITEM002081,ORD00310,PROD0116,5,57838.21,19.59
ITEM002082,ORD00322,PROD0581,2,29430.08,25.85
ITEM002083,ORD01055,PROD0051,5,42594.03,10.6
ITEM002084,ORD00299,PROD0125,1,79793.88,0.75
ITEM002085,ORD00472,PROD0180,1,11486.7,34.58
ITEM002086,ORD00791,PROD0473,4,45356.59,2.27
ITEM002087,ORD00062,PROD0521,5,39625.47,27.91
ITEM002088,ORD01386,PROD0493,4,16342.42,27.39
ITEM002089,ORD00606,PROD0194,3,36155.49,4.65
ITEM002090,ORD00127,PROD0241,5,5358.97,15.97
ITEM002091,ORD00500,PROD0088,5,1045.73,2.37
ITEM002092,ORD00989,PROD0283,4,29857.76,38.32
ITEM002093,ORD01128,PROD0142,2,41403.7,20.43
ITEM002094,ORD01206,PROD0324,1,6665.95,9.93
ITEM002095,ORD00035,PROD0469,4,74168.89,0.18
ITEM002096,ORD00572,PROD0338,5,31222.98,41.7
ITEM002097,ORD00679,PROD0021,1,11425.83,48.62
ITEM002098,ORD01369,PROD0400,4,47766.39,3.69
ITEM002099,ORD01326,PROD0403,3,18496.26,4.33
ITEM002100,ORD00185,PROD0231,3,5351.35,22.35
ITEM002101,ORD00664,PROD0103,4,37008.6,46.12
ITEM002102,ORD01212,PROD0276,5,32144.36,26.14
ITEM002103,ORD00031,PROD0377,5,73416.28,21.49
ITEM002104,ORD01123,PROD0208,3,29929.47,18.9
ITEM002105,ORD01487,PROD0582,5,45772.0,7.97
ITEM002106,ORD01243,PROD0471,1,3287.92,27.0
ITEM002107,ORD01143,PROD0569,5,2266.3,28.29
ITEM002108,ORD00968,PROD0542,4,23667.23,3.63
ITEM002109,ORD00063,PROD0380,5,61694.48,18.15
ITEM002110,ORD00159,PROD0584,4,19172.09,1.17
ITEM002111,ORD01218,PROD0243,2,21862.14,4.35
ITEM002112,ORD00884,PROD0368,4,78322.17,31.55
ITEM002113,ORD01183,PROD0573,2,3216.74,15.14
ITEM002114,ORD00162,PROD0567,1,57599.85,49.02
ITEM002115,ORD01171,PROD0378,2,70035.58,39.2
ITEM002116,ORD00740,PROD0344,5,60311.55,47.87
ITEM002117,ORD00944,PROD0499,4,34084.3,4.51
ITEM002118,ORD00283,PROD0500,3,26686.09,9.24
ITEM002119,ORD00153,PROD0099,5,40244.29,41.74
ITEM002120,ORD01130,PROD0149,3,35405.77,35.64
ITEM002121,ORD00825,PROD0142,4,40094.84,8.14
ITEM002122,ORD01236,PROD0489,3,12917.7,3.72
ITEM002123,ORD00110,PROD0271,3,60650.79,6.59
ITEM002124,ORD01134,PROD0355,3,13255.88,41.67
ITEM002125,ORD00093,PROD0327,4,43593.97,6.32
ITEM002126,ORD01184,PROD0145,2,20352.8,18.36
ITEM002127,ORD00001,PROD0589,1,47218.01,2.49
ITEM002128,ORD01295,PROD0409,2,431.81,44.92
ITEM002129,ORD00840,PROD0282,1,46988.12,10.56
ITEM002130,ORD00279,PROD0286,4,32084.7,25.15
ITEM002131,ORD01147,PROD0336,3,12889.66,4.45
ITEM002132,ORD01066,PROD0530,2,45296.77,13.09
ITEM002133,ORD00927,PROD0247,1,59564.73,20.98
ITEM002134,ORD00798,PROD0556,3,5142.82,3.3
ITEM002135,ORD00720,PROD0576,1,1857.63,28.72
ITEM002136,ORD00003,PROD0183,4,34203.04,5.46
ITEM002137,ORD01346,PROD0089,3,43937.49,4.04
ITEM002138,ORD00090,PROD0372,2,16582.15,43.11
ITEM002139,ORD00903,PROD0055,5,33696.59,2.19
ITEM002140,ORD00947,PROD0073,4,76703.74,34.02
ITEM002141,ORD00010,PROD0496,3,6296.47,41.5
ITEM002142,ORD01339,PROD0089,5,56046.23,15.61
ITEM002143,ORD01457,PROD0336,3,15220.68,32.29
ITEM002144,ORD01163,PROD0535,4,66050.26,27.77
ITEM002145,ORD00437,PROD0423,3,58366.24,12.85
ITEM002146,ORD00968,PROD0119,4,86587.15,4.4
ITEM002147,ORD01279,PROD0528,2,94141.74,10.11
ITEM002148,ORD00637,PROD0552,1,7859.49,38.53
ITEM002149,ORD00145,PROD0037,3,22273.51,7.69
ITEM002150,ORD01150,PROD0413,2,45937.31,3.44
ITEM002151,ORD00608,PROD0219,3,60926.79,26.2
ITEM002152,ORD00496,PROD0346,2,19504.97,3.02
ITEM002153,ORD00560,PROD0559,4,56223.24,21.46
ITEM002154,ORD00397,PROD0562,2,46097.82,49.82
ITEM002155,ORD00614,PROD0555,5,53340.76,15.18
ITEM002156,ORD00363,PROD0326,2,32961.94,49.07
ITEM002157,ORD01292,PROD0306,4,88534.22,27.01
ITEM002158,ORD00678,PROD0343,1,4836.0,22.22
ITEM002159,ORD00567,PROD0052,4,3872.56,30.99
ITEM002160,ORD00722,PROD0082,3,8700.67,7.97
ITEM002161,ORD01157,PROD0188,1,33927.56,27.04
ITEM002162,ORD00683,PROD0333,1,55998.29,31.45
ITEM002163,ORD00634,PROD0029,5,20473.27,11.68
ITEM002164,ORD00171,PROD0103,4,40329.7,47.07
ITEM002165,ORD00195,PROD0020,2,1458.44,14.75
ITEM002166,ORD00912,PROD0399,1,74421.94,8.86
ITEM002167,ORD01299,PROD0025,4,12200.75,18.55
ITEM002168,ORD00479,PROD0323,3,36057.24,4.16
ITEM002169,ORD00363,PROD0001,1,51604.4,9.11
ITEM002170,ORD00643,PROD0580,3,58420.83,2.98
ITEM002171,ORD00324,PROD0428,1,21845.86,5.55
ITEM002172,ORD00440,PROD0188,3,40886.57,32.73
ITEM002173,ORD01406,PROD0266,4,2355.97,30.88
ITEM002174,ORD00066,PROD0449,3,5042.87,41.74
ITEM002175,ORD00205,PROD0454,2,51550.96,23.18
ITEM002176,ORD01128,PROD0051,3,46214.84,29.49
ITEM002177,ORD00750,PROD0029,2,29205.9,41.46
ITEM002178,ORD00099,PROD0010,4,54169.55,33.88
ITEM002179,ORD00443,PROD0312,1,41548.29,44.86
ITEM002180,ORD00243,PROD0004,3,52284.14,46.88
ITEM002181,ORD00440,PROD0439,1,56889.21,34.94
ITEM002182,ORD00583,PROD0066,1,31626.78,31.34
ITEM002183,ORD00193,PROD0227,3,5488.37,30.83
ITEM002184,ORD00357,PROD0559,3,69918.18,37.5
ITEM002185,ORD00766,PROD0581,3,18263.21,18.07
ITEM002186,ORD00145,PROD0035,1,21930.1,24.34
ITEM002187,ORD01183,PROD0014,1,42171.28,21.42
ITEM002188,ORD01122,PROD0061,1,45770.58,35.86
ITEM002189,ORD00978,PROD0270,1,7789.73,44.77
ITEM002190,ORD00981,PROD0513,3,77807.05,6.27
ITEM002191,ORD00447,PROD0199,5,15925.72,15.34
ITEM002192,ORD01432,PROD0384,2,55585.78,19.63
ITEM002193,ORD00939,PROD0387,2,49820.19,0.4
ITEM002194,ORD00330,PROD0357,1,8135.33,10.63
ITEM002195,ORD00778,PROD0321,3,30514.31,19.56
ITEM002196,ORD00586,PROD0109,4,16388.64,9.19
ITEM002197,ORD00126,PROD0192,5,13347.26,7.47
ITEM002198,ORD00454,PROD0316,3,1171.49,3.49
ITEM002199,ORD00066,PROD0586,1,67368.65,44.62
ITEM002200,ORD01387,PROD0048,3,45982.42,31.86
ITEM002201,ORD01108,PROD0570,4,70382.5,12.15
ITEM002202,ORD00311,PROD0120,1,67503.97,22.2
ITEM002203,ORD00279,PROD0007,3,28714.74,16.73
ITEM002204,ORD00935,PROD0343,5,5157.78,49.1
ITEM002205,ORD00924,PROD0332,5,63529.92,4.39
ITEM002206,ORD01216,PROD0434,3,14242.06,2.32
ITEM002207,ORD00493,PROD0430,2,27890.99,44.24
ITEM002208,ORD00290,PROD0469,3,54665.11,9.33
ITEM002209,ORD00524,PROD0474,4,39596.6,34.75
ITEM002210,ORD00259,PROD0002,4,19809.33,40.06
ITEM002211,ORD00332,PROD0232,5,2457.91,9.45
ITEM002212,ORD01435,PROD0173,1,60972.45,30.4
ITEM002213,ORD01353,PROD0176,1,1226.19,45.52
ITEM002214,ORD00255,PROD0535,5,86108.81,36.14
ITEM002215,ORD01406,PROD0375,5,6871.81,5.32
ITEM002216,ORD00230,PROD0516,4,30074.39,18.57
ITEM002217,ORD01127,PROD0564,1,72990.35,44.04
ITEM002218,ORD01166,PROD0475,4,5269.52,34.54
ITEM002219,ORD00782,PROD0570,5,51453.9,2.52
ITEM002220,ORD00696,PROD0243,4,30868.77,40.41
ITEM002221,ORD01237,PROD0222,1,78860.75,18.77
ITEM002222,ORD00317,PROD0521,5,35610.37,8.62
ITEM002223,ORD01043,PROD0283,3,32514.19,15.55
ITEM002224,ORD00110,PROD0099,5,28886.33,36.12
ITEM002225,ORD00977,PROD0167,1,37180.15,27.56
ITEM002226,ORD01260,PROD0302,5,40045.84,46.33
ITEM002227,ORD00469,PROD0139,2,44199.3,4.43
ITEM002228,ORD00571,PROD0499,3,42285.35,36.56
ITEM002229,ORD01075,PROD0113,1,4409.94,47.67
ITEM002230,ORD00738,PROD0592,5,19184.98,35.06
ITEM002231,ORD01379,PROD0130,1,32179.73,31.7
ITEM002232,ORD00104,PROD0284,2,52912.24,6.56
ITEM002233,ORD01469,PROD0450,4,53581.44,46.52
ITEM002234,ORD01425,PROD0106,2,36355.8,9.7
ITEM002235,ORD00268,PROD0516,1,34406.07,44.32
ITEM002236,ORD00834,PROD0260,4,47272.72,34.11
ITEM002237,ORD00118,PROD0353,5,5661.31,41.41
ITEM002238,ORD00936,PROD0471,3,3043.57,29.23
ITEM002239,ORD01252,PROD0551,2,18872.85,3.55
ITEM002240,ORD00047,PROD0166,5,14426.46,34.13
ITEM002241,ORD01405,PROD0076,4,31479.5,43.26
ITEM002242,ORD00084,PROD0163,5,71513.52,26.54
ITEM002243,ORD00245,PROD0030,3,51102.98,48.27
ITEM002244,ORD01109,PROD0283,1,27431.49,19.59
ITEM002245,ORD00309,PROD0582,1,50230.64,10.15
ITEM002246,ORD00243,PROD0430,4,17072.64,2.79
ITEM002247,ORD00832,PROD0571,3,12870.36,20.88
ITEM002248,ORD00806,PROD0472,1,57050.66,35.02
ITEM002249,ORD00314,PROD0087,5,23674.79,19.69
ITEM002250,ORD00741,PROD0062,3,58729.27,38.94
ITEM002251,ORD00522,PROD0308,1,27004.45,21.57
ITEM002252,ORD00403,PROD0314,5,35937.18,35.86
ITEM002253,ORD01163,PROD0427,3,36292.04,32.36
ITEM002254,ORD00772,PROD0172,4,12059.02,42.33
ITEM002255,ORD00790,PROD0138,4,76687.91,5.87
ITEM002256,ORD00606,PROD0151,3,9385.6,20.55
ITEM002257,ORD00282,PROD0352,5,25789.02,13.33
ITEM002258,ORD00310,PROD0104,5,7455.56,31.81
ITEM002259,ORD00081,PROD0547,4,57213.83,29.71
ITEM002260,ORD01408,PROD0101,5,24116.2,7.38
ITEM002261,ORD00492,PROD0319,1,37811.41,28.54
ITEM002262,ORD00779,PROD0270,2,5541.88,16.94
ITEM002263,ORD00491,PROD0138,3,79062.96,48.71
ITEM002264,ORD00383,PROD0375,1,8282.02,11.79
ITEM002265,ORD00503,PROD0267,2,9271.63,1.74
ITEM002266,ORD01413,PROD0247,1,57040.72,41.72
ITEM002267,ORD01370,PROD0542,4,19227.18,18.69
ITEM002268,ORD01473,PROD0274,3,28395.53,38.92
ITEM002269,ORD00800,PROD0578,3,14624.93,39.8
ITEM002270,ORD00823,PROD0275,3,6358.67,18.02
ITEM002271,ORD00492,PROD0448,3,55246.4,49.56
ITEM002272,ORD00555,PROD0403,4,26181.42,29.73
ITEM002273,ORD01030,PROD0392,1,24177.51,45.3
ITEM002274,ORD00260,PROD0081,2,58282.99,18.5
ITEM002275,ORD01097,PROD0009,5,68538.66,41.94
ITEM002276,ORD01267,PROD0314,5,23623.94,17.08
ITEM002277,ORD00818,PROD0147,3,26276.1,18.56
ITEM002278,ORD00781,PROD0407,3,87082.46,9.09
ITEM002279,ORD00491,PROD0014,4,54466.83,13.81
ITEM002280,ORD00491,PROD0377,5,81826.22,13.28
ITEM002281,ORD00789,PROD0126,3,21621.95,33.38
ITEM002282,ORD00543,PROD0558,5,43241.15,39.63
ITEM002283,ORD00323,PROD0426,1,63942.79,15.84
ITEM002284,ORD00633,PROD0219,1,61475.65,20.63
ITEM002285,ORD01348,PROD0469,2,46011.59,45.37
ITEM002286,ORD00038,PROD0031,5,54131.85,36.54
ITEM002287,ORD01016,PROD0544,3,70930.85,7.1
ITEM002288,ORD00247,PROD0082,3,7779.92,22.33
ITEM002289,ORD01141,PROD0288,3,59845.47,18.14
ITEM002290,ORD01348,PROD0287,2,15078.98,45.29
ITEM002291,ORD00944,PROD0266,3,2623.09,32.52
ITEM002292,ORD01391,PROD0511,1,16379.09,9.7
ITEM002293,ORD00336,PROD0026,5,23987.58,17.07
ITEM002294,ORD00303,PROD0228,4,13120.98,6.6
ITEM002295,ORD00881,PROD0410,3,53750.2,9.75
ITEM002296,ORD00007,PROD0115,3,38125.54,32.29
ITEM002297,ORD00096,PROD0366,2,46396.44,46.62
ITEM002298,ORD00129,PROD0026,3,22732.66,25.96
ITEM002299,ORD00094,PROD0038,1,90054.06,24.19
ITEM002300,ORD01398,PROD0183,2,20895.9,9.32
ITEM002301,ORD00949,PROD0200,1,36281.6,30.21
ITEM002302,ORD00465,PROD0588,1,32296.97,10.88
ITEM002303,ORD00816,PROD0542,1,20274.94,8.22
ITEM002304,ORD00072,PROD0204,1,42751.55,31.12
ITEM002305,ORD00719,PROD0158,5,70682.7,8.8
ITEM002306,ORD01477,PROD0028,5,14689.61,28.78
ITEM002307,ORD01293,PROD0497,2,40701.29,35.96
ITEM002308,ORD01261,PROD0361,2,47069.04,7.42
ITEM002309,ORD00309,PROD0454,2,47928.87,9.51
ITEM002310,ORD01070,PROD0179,1,16582.21,42.64
ITEM002311,ORD01416,PROD0228,3,11273.19,11.33
ITEM002312,ORD00875,PROD0090,5,8489.22,1.74
ITEM002313,ORD00814,PROD0094,1,73125.38,22.96
ITEM002314,ORD01048,PROD0192,4,12686.22,39.4
ITEM002315,ORD00248,PROD0518,2,51154.67,10.0
ITEM002316,ORD00080,PROD0102,1,67349.32,7.8
ITEM002317,ORD00205,PROD0363,5,3607.86,48.14
ITEM002318,ORD01389,PROD0574,2,14721.47,48.18
ITEM002319,ORD01010,PROD0446,3,57141.98,12.91
ITEM002320,ORD00825,PROD0490,2,36464.45,37.69
ITEM002321,ORD00269,PROD0149,2,59324.66,48.21
ITEM002322,ORD01415,PROD0157,2,92148.28,45.98
ITEM002323,ORD01042,PROD0018,1,60605.52,14.6
ITEM002324,ORD00316,PROD0355,5,18387.97,42.9
ITEM002325,ORD01160,PROD0158,2,49563.12,47.92
ITEM002326,ORD00830,PROD0059,4,20395.48,44.42
ITEM002327,ORD00692,PROD0217,3,8293.6,45.01
ITEM002328,ORD00497,PROD0491,2,41836.87,32.39
ITEM002329,ORD01089,PROD0057,3,64015.18,39.65
ITEM002330,ORD00565,PROD0108,2,28819.64,33.45
ITEM002331,ORD00470,PROD0573,3,4003.73,32.66
ITEM002332,ORD00664,PROD0153,1,5968.24,3.59
ITEM002333,ORD00790,PROD0179,4,20688.01,25.44
ITEM002334,ORD00588,PROD0409,2,360.54,36.0
ITEM002335,ORD01346,PROD0375,4,6708.94,36.52
ITEM002336,ORD00976,PROD0047,3,37403.01,28.43
ITEM002337,ORD00357,PROD0069,3,662.45,48.87
ITEM002338,ORD00549,PROD0074,1,37752.03,45.92
ITEM002339,ORD00701,PROD0338,4,29125.66,28.48
ITEM002340,ORD01374,PROD0094,5,80121.43,29.62
ITEM002341,ORD00434,PROD0329,4,25500.18,17.89
ITEM002342,ORD00379,PROD0062,4,65965.73,40.56
ITEM002343,ORD00038,PROD0260,2,55185.2,7.91
ITEM002344,ORD00031,PROD0073,5,88245.13,24.81
ITEM002345,ORD00279,PROD0092,2,61631.39,47.04
ITEM002346,ORD01171,PROD0250,4,91452.72,31.02
ITEM002347,ORD00948,PROD0545,5,23001.33,20.3
ITEM002348,ORD01160,PROD0536,4,45385.52,8.25
ITEM002349,ORD01005,PROD0496,2,3852.32,30.1
ITEM002350,ORD00380,PROD0136,4,23370.91,33.75
ITEM002351,ORD00058,PROD0472,3,68148.44,48.19
ITEM002352,ORD01096,PROD0487,5,54784.86,11.86
ITEM002353,ORD01306,PROD0213,5,26377.62,34.91
ITEM002354,ORD00633,PROD0208,1,30749.36,31.5
ITEM002355,ORD00783,PROD0337,3,11811.96,47.69
ITEM002356,ORD01377,PROD0593,3,49212.92,6.23
ITEM002357,ORD00094,PROD0163,1,65601.01,17.6
ITEM002358,ORD00049,PROD0358,4,17115.48,13.61
ITEM002359,ORD00580,PROD0577,4,15872.4,14.2
ITEM002360,ORD00015,PROD0052,1,3334.56,48.41
ITEM002361,ORD00951,PROD0406,3,35599.44,33.27
ITEM002362,ORD00892,PROD0509,4,28763.65,22.39
ITEM002363,ORD00922,PROD0317,1,37806.45,10.07
ITEM002364,ORD00712,PROD0437,1,28186.94,16.53
ITEM002365,ORD00048,PROD0417,2,40192.57,34.95
ITEM002366,ORD00964,PROD0204,1,54512.88,19.31
ITEM002367,ORD00558,PROD0579,4,73114.35,48.14
ITEM002368,ORD00904,PROD0081,1,78367.68,28.27
ITEM002369,ORD00734,PROD0141,5,8864.38,11.14
ITEM002370,ORD00422,PROD0051,3,43468.25,35.95
ITEM002371,ORD00368,PROD0377,3,49341.32,26.45
ITEM002372,ORD00948,PROD0424,2,51136.62,11.74
ITEM002373,ORD00161,PROD0322,5,1804.23,26.23
ITEM002374,ORD01147,PROD0584,3,16592.9,17.43
ITEM002375,ORD00577,PROD0424,4,45598.86,48.62
ITEM002376,ORD00537,PROD0300,2,28243.63,12.87
ITEM002377,ORD00150,PROD0313,5,59470.0,28.47
ITEM002378,ORD01236,PROD0251,5,51015.33,35.28
ITEM002379,ORD00530,PROD0283,5,24912.17,11.32
ITEM002380,ORD00553,PROD0420,3,43743.94,37.95
ITEM002381,ORD01347,PROD0575,2,50616.98,2.39
ITEM002382,ORD00673,PROD0513,4,54826.19,36.15
ITEM002383,ORD01482,PROD0224,5,55695.34,26.66
ITEM002384,ORD01070,PROD0597,3,39117.13,7.88
ITEM002385,ORD00017,PROD0585,4,32031.89,34.56
ITEM002386,ORD00236,PROD0491,1,55218.69,15.07
ITEM002387,ORD01063,PROD0357,2,9480.77,35.49
ITEM002388,ORD00846,PROD0380,3,63333.58,29.28
ITEM002389,ORD00258,PROD0039,2,15245.78,15.09
ITEM002390,ORD01161,PROD0444,3,38353.25,3.2
ITEM002391,ORD01482,PROD0229,5,24996.35,1.37
ITEM002392,ORD00729,PROD0110,2,8352.59,10.2
ITEM002393,ORD00946,PROD0342,4,70685.63,26.44
ITEM002394,ORD01219,PROD0402,2,34276.95,16.87
ITEM002395,ORD01388,PROD0483,1,67735.22,21.51
ITEM002396,ORD00162,PROD0588,5,23363.62,3.44
ITEM002397,ORD01446,PROD0370,5,52108.39,12.97
ITEM002398,ORD00671,PROD0407,4,60830.72,3.62
ITEM002399,ORD01111,PROD0564,3,47485.64,10.24
ITEM002400,ORD00376,PROD0196,4,51035.38,33.54
ITEM002401,ORD00278,PROD0035,2,19068.65,22.88
ITEM002402,ORD00376,PROD0272,4,36864.22,5.39
ITEM002403,ORD00617,PROD0238,4,27523.44,20.78
ITEM002404,ORD01420,PROD0406,5,47734.15,1.63
ITEM002405,ORD01334,PROD0322,2,2137.23,14.03
ITEM002406,ORD01194,PROD0052,2,5159.91,32.69
ITEM002407,ORD01325,PROD0499,4,47566.58,3.22
ITEM002408,ORD00540,PROD0193,1,26139.96,42.07
ITEM002409,ORD00120,PROD0159,2,33042.52,39.57
ITEM002410,ORD00751,PROD0049,2,38398.04,27.95
ITEM002411,ORD00575,PROD0433,4,33557.38,22.42
ITEM002412,ORD00690,PROD0164,2,36075.12,26.02
ITEM002413,ORD00314,PROD0240,1,43605.42,6.72
ITEM002414,ORD00822,PROD0588,1,23317.0,43.89
ITEM002415,ORD00471,PROD0023,2,58810.35,20.41
ITEM002416,ORD00904,PROD0070,1,9290.28,21.39
ITEM002417,ORD00935,PROD0374,1,41125.92,21.34
ITEM002418,ORD00980,PROD0356,3,33886.77,37.42
ITEM002419,ORD00356,PROD0285,3,62818.87,3.91
ITEM002420,ORD00355,PROD0237,5,2787.78,12.92
ITEM002421,ORD00999,PROD0175,2,18823.32,13.54
ITEM002422,ORD00270,PROD0048,2,55260.34,22.92
ITEM002423,ORD01191,PROD0017,1,63481.49,8.15
ITEM002424,ORD00335,PROD0136,3,15890.31,18.66
ITEM002425,ORD00900,PROD0424,3,58393.65,27.32
ITEM002426,ORD01495,PROD0105,4,5338.86,34.55
ITEM002427,ORD00658,PROD0267,4,5670.32,39.33
ITEM002428,ORD01231,PROD0188,3,23765.48,17.99
ITEM002429,ORD01110,PROD0233,5,81851.71,22.04
ITEM002430,ORD01388,PROD0481,2,47907.06,43.61
ITEM002431,ORD00132,PROD0185,2,6953.42,2.01
ITEM002432,ORD01198,PROD0352,4,21738.09,26.69
ITEM002433,ORD01460,PROD0261,5,9491.67,7.37
ITEM002434,ORD00507,PROD0498,2,37974.08,22.57
ITEM002435,ORD00157,PROD0191,1,35291.82,4.3
ITEM002436,ORD00097,PROD0123,5,48885.38,25.68
ITEM002437,ORD00483,PROD0355,5,13613.9,45.91
ITEM002438,ORD01258,PROD0052,1,4103.37,2.47
ITEM002439,ORD00993,PROD0299,1,74482.78,46.63
ITEM002440,ORD01226,PROD0155,3,37391.76,48.58
ITEM002441,ORD01265,PROD0258,3,5285.67,15.92
ITEM002442,ORD00225,PROD0506,1,9527.49,7.11
ITEM002443,ORD01009,PROD0398,3,57450.67,27.88
ITEM002444,ORD00373,PROD0168,1,60365.0,14.46
ITEM002445,ORD00296,PROD0116,4,46962.96,33.96
ITEM002446,ORD01404,PROD0267,5,8971.51,19.13
ITEM002447,ORD00394,PROD0200,1,42159.55,40.82
ITEM002448,ORD00415,PROD0297,3,48628.25,43.86
ITEM002449,ORD00038,PROD0313,5,91309.23,24.95
ITEM002450,ORD01228,PROD0595,3,42607.45,23.23
ITEM002451,ORD00341,PROD0011,3,56899.94,18.88
ITEM002452,ORD01040,PROD0358,1,15467.18,43.75
ITEM002453,ORD00389,PROD0459,4,49826.54,35.1
ITEM002454,ORD00373,PROD0407,4,78250.64,10.46
ITEM002455,ORD01225,PROD0325,4,9391.12,9.25
ITEM002456,ORD01020,PROD0486,3,28198.27,8.0
ITEM002457,ORD00735,PROD0581,2,16542.32,4.03
ITEM002458,ORD00818,PROD0358,5,11011.92,40.48
ITEM002459,ORD00275,PROD0029,3,27756.58,46.37
ITEM002460,ORD00310,PROD0293,1,6732.58,46.2
ITEM002461,ORD00841,PROD0224,1,40459.08,15.89
ITEM002462,ORD01362,PROD0596,4,63766.58,12.22
ITEM002463,ORD01369,PROD0158,4,49341.01,31.12
ITEM002464,ORD00608,PROD0185,1,7472.17,3.8
ITEM002465,ORD01359,PROD0266,5,2204.47,32.32
ITEM002466,ORD01129,PROD0348,1,38110.62,36.19
ITEM002467,ORD00457,PROD0552,1,6930.83,28.69
ITEM002468,ORD00460,PROD0161,1,43590.13,4.19
ITEM002469,ORD00311,PROD0097,2,67487.45,18.61
ITEM002470,ORD00607,PROD0524,1,66207.65,26.92
ITEM002471,ORD00892,PROD0557,4,28244.86,49.57
ITEM002472,ORD00611,PROD0009,1,87568.18,5.49
ITEM002473,ORD00670,PROD0269,5,23219.3,19.47
ITEM002474,ORD00626,PROD0137,1,41296.84,19.41
ITEM002475,ORD01168,PROD0515,4,71468.37,26.22
ITEM002476,ORD00501,PROD0322,5,1848.74,36.84
ITEM002477,ORD00795,PROD0412,3,35072.68,19.96
ITEM002478,ORD00637,PROD0122,5,57158.4,6.47
ITEM002479,ORD00607,PROD0185,1,8281.21,35.74
ITEM002480,ORD00894,PROD0149,2,34953.18,9.15
ITEM002481,ORD00626,PROD0066,1,26995.81,30.59
ITEM002482,ORD01090,PROD0223,1,46327.21,24.28
ITEM002483,ORD01047,PROD0582,1,32572.41,43.14
ITEM002484,ORD00915,PROD0158,4,64051.05,29.7
ITEM002485,ORD01256,PROD0285,5,83865.24,4.83
ITEM002486,ORD00330,PROD0527,2,50385.47,27.48
ITEM002487,ORD00117,PROD0225,4,56245.82,1.05
ITEM002488,ORD01410,PROD0173,1,41902.12,17.39
ITEM002489,ORD00403,PROD0166,5,17142.68,27.2
ITEM002490,ORD00387,PROD0099,1,32786.41,2.32
ITEM002491,ORD00368,PROD0277,2,7473.73,44.96
ITEM002492,ORD01127,PROD0002,3,26309.16,8.09
ITEM002493,ORD00856,PROD0176,5,1549.12,3.12
ITEM002494,ORD00924,PROD0408,5,82098.95,8.2
ITEM002495,ORD00937,PROD0447,2,14327.6,8.87
ITEM002496,ORD01139,PROD0212,5,1139.69,19.27
ITEM002497,ORD00418,PROD0220,4,29196.01,37.35
ITEM002498,ORD01036,PROD0345,1,31013.91,48.17
ITEM002499,ORD00825,PROD0182,4,28821.8,12.39
ITEM002500,ORD01131,PROD0313,1,54136.57,3.72
ITEM002501,ORD00318,PROD0518,2,35483.1,11.28
ITEM002502,ORD01247,PROD0157,1,80314.3,42.46
ITEM002503,ORD01498,PROD0230,3,54063.87,23.05
ITEM002504,ORD01229,PROD0065,5,70326.82,35.41
ITEM002505,ORD01435,PROD0021,4,14986.68,24.11
ITEM002506,ORD00790,PROD0098,1,30864.1,31.46
ITEM002507,ORD00759,PROD0596,2,53846.76,44.94
ITEM002508,ORD01103,PROD0536,1,65608.64,40.66
ITEM002509,ORD00507,PROD0077,5,11407.57,30.33
ITEM002510,ORD00840,PROD0120,4,89953.96,34.74
ITEM002511,ORD00722,PROD0430,5,28662.85,32.16
ITEM002512,ORD01109,PROD0307,3,46142.22,8.91
ITEM002513,ORD01384,PROD0018,2,58983.95,18.84
ITEM002514,ORD01426,PROD0409,5,323.06,8.54
ITEM002515,ORD00725,PROD0589,1,29738.32,22.41
ITEM002516,ORD00631,PROD0520,5,24560.79,47.62
ITEM002517,ORD00704,PROD0334,2,14459.14,33.56
ITEM002518,ORD01287,PROD0010,4,70323.85,44.33
ITEM002519,ORD01187,PROD0024,4,49384.56,23.76
ITEM002520,ORD01265,PROD0422,4,36083.29,49.85
ITEM002521,ORD00129,PROD0449,5,7332.83,24.22
ITEM002522,ORD01152,PROD0004,5,66721.14,22.86
ITEM002523,ORD01405,PROD0510,3,33461.44,34.28
ITEM002524,ORD01170,PROD0292,4,55065.44,47.68
ITEM002525,ORD00397,PROD0517,3,50763.93,23.1
ITEM002526,ORD00592,PROD0470,5,6764.02,17.17
ITEM002527,ORD00817,PROD0596,5,89006.29,5.34
ITEM002528,ORD00780,PROD0300,5,32422.4,13.26
ITEM002529,ORD00648,PROD0011,5,43041.68,32.0
ITEM002530,ORD00808,PROD0011,3,67777.54,5.91
ITEM002531,ORD00065,PROD0168,4,51930.52,22.93
ITEM002532,ORD00813,PROD0410,3,58572.3,45.09
ITEM002533,ORD00038,PROD0558,2,45533.29,41.68
ITEM002534,ORD00735,PROD0533,1,89385.68,0.03
ITEM002535,ORD01106,PROD0587,5,62875.89,33.29
ITEM002536,ORD00085,PROD0338,4,29778.86,40.74
ITEM002537,ORD01129,PROD0243,5,31923.25,23.69
ITEM002538,ORD00218,PROD0567,3,47578.39,43.27
ITEM002539,ORD00030,PROD0153,4,5684.98,45.76
ITEM002540,ORD00097,PROD0001,2,34642.16,17.25
ITEM002541,ORD00800,PROD0413,1,43710.62,43.47
ITEM002542,ORD01222,PROD0365,2,45491.68,48.41
ITEM002543,ORD00733,PROD0397,3,54556.13,13.05
ITEM002544,ORD01158,PROD0197,4,63626.73,33.25
ITEM002545,ORD00603,PROD0443,4,80058.62,25.13
ITEM002546,ORD00983,PROD0020,1,1648.69,8.1
ITEM002547,ORD01317,PROD0036,1,12549.53,37.51
ITEM002548,ORD00876,PROD0382,1,25761.6,13.57
ITEM002549,ORD00606,PROD0311,3,40101.95,29.77
ITEM002550,ORD00089,PROD0403,4,18194.35,17.15
ITEM002551,ORD00865,PROD0573,4,4096.74,18.71
ITEM002552,ORD00617,PROD0040,4,41570.33,38.91
ITEM002553,ORD00240,PROD0332,3,55922.47,21.81
ITEM002554,ORD00979,PROD0141,3,9957.28,38.41
ITEM002555,ORD00378,PROD0186,1,38775.54,16.59
ITEM002556,ORD00442,PROD0302,4,59796.56,12.93
ITEM002557,ORD00630,PROD0492,4,8835.06,14.43
ITEM002558,ORD00667,PROD0382,5,29316.61,21.85
ITEM002559,ORD00350,PROD0099,2,37301.2,15.63
ITEM002560,ORD01002,PROD0084,2,22076.15,36.43
ITEM002561,ORD00447,PROD0105,2,5508.74,43.09
ITEM002562,ORD01221,PROD0058,1,17762.58,19.72
ITEM002563,ORD01349,PROD0190,1,25405.28,3.4
ITEM002564,ORD01469,PROD0484,2,8499.52,32.0
ITEM002565,ORD01298,PROD0475,4,5229.98,38.62
ITEM002566,ORD01098,PROD0559,2,82016.53,27.78
ITEM002567,ORD01459,PROD0329,5,22294.93,9.05
ITEM002568,ORD01370,PROD0313,2,84255.79,17.31
ITEM002569,ORD01460,PROD0321,1,36744.14,48.87
ITEM002570,ORD00672,PROD0501,3,8655.76,22.43
ITEM002571,ORD00113,PROD0345,1,25796.85,31.84
ITEM002572,ORD00744,PROD0316,5,741.24,22.41
ITEM002573,ORD00630,PROD0276,4,27600.81,18.31
ITEM002574,ORD00440,PROD0366,2,34634.73,43.69
ITEM002575,ORD01499,PROD0303,1,73026.26,42.21
ITEM002576,ORD00244,PROD0365,5,55877.9,40.29
ITEM002577,ORD01170,PROD0471,2,2784.46,42.37
ITEM002578,ORD01236,PROD0209,1,46720.59,24.42
ITEM002579,ORD01095,PROD0032,2,38963.85,26.49
ITEM002580,ORD00863,PROD0086,1,64848.19,11.98
ITEM002581,ORD01320,PROD0534,5,9400.42,21.36
ITEM002582,ORD00077,PROD0526,4,18239.83,44.48
ITEM002583,ORD01141,PROD0070,3,9899.36,24.0
ITEM002584,ORD00974,PROD0202,1,4111.84,27.74
ITEM002585,ORD00377,PROD0324,1,8143.23,6.11
ITEM002586,ORD01417,PROD0314,4,27937.92,33.04
ITEM002587,ORD00671,PROD0232,4,4070.81,39.21
ITEM002588,ORD00103,PROD0104,5,6428.0,5.37
ITEM002589,ORD00871,PROD0490,2,35715.26,43.47
ITEM002590,ORD01017,PROD0090,4,8989.67,18.94
ITEM002591,ORD00333,PROD0408,5,92133.37,49.35
ITEM002592,ORD00460,PROD0215,4,41253.49,30.23
ITEM002593,ORD00527,PROD0386,4,39322.3,45.3
ITEM002594,ORD00108,PROD0589,5,43987.54,34.47
ITEM002595,ORD00230,PROD0050,5,19957.25,17.01
ITEM002596,ORD00467,PROD0592,1,17405.73,11.7
ITEM002597,ORD01401,PROD0349,2,34848.95,4.25
ITEM002598,ORD01218,PROD0420,5,53391.09,14.37
ITEM002599,ORD01333,PROD0302,4,44480.83,46.89
ITEM002600,ORD01059,PROD0305,5,35697.39,45.05
ITEM002601,ORD01373,PROD0469,5,55254.41,8.53
ITEM002602,ORD00760,PROD0503,3,42609.65,28.55
ITEM002603,ORD01065,PROD0130,5,46825.23,42.13
ITEM002604,ORD00106,PROD0184,2,29910.64,37.26
ITEM002605,ORD00948,PROD0552,5,10307.6,33.13
ITEM002606,ORD01293,PROD0076,2,31494.03,27.02
ITEM002607,ORD01310,PROD0463,1,45078.76,46.31
ITEM002608,ORD01190,PROD0542,3,25253.63,13.13
ITEM002609,ORD00674,PROD0102,3,79274.21,10.31
ITEM002610,ORD01017,PROD0164,5,56197.2,49.1
ITEM002611,ORD00215,PROD0085,2,22994.08,31.91
ITEM002612,ORD00430,PROD0541,5,67864.17,21.72
ITEM002613,ORD01099,PROD0117,1,3823.87,30.49
ITEM002614,ORD01007,PROD0552,1,8198.33,45.82
ITEM002615,ORD01181,PROD0012,1,41953.91,30.86
ITEM002616,ORD01475,PROD0587,2,91524.52,22.26
ITEM002617,ORD01182,PROD0049,3,42659.9,28.01
ITEM002618,ORD00871,PROD0434,5,14654.43,41.16
ITEM002619,ORD00766,PROD0092,3,79239.33,26.92
ITEM002620,ORD00043,PROD0476,1,55264.22,33.45
ITEM002621,ORD00400,PROD0130,4,29614.38,37.22
ITEM002622,ORD00250,PROD0590,2,45519.86,3.99
ITEM002623,ORD00510,PROD0546,2,19077.68,49.24
ITEM002624,ORD00630,PROD0138,3,57281.57,12.17
ITEM002625,ORD00874,PROD0044,5,41209.06,26.56
ITEM002626,ORD01096,PROD0104,5,6977.18,2.14
ITEM002627,ORD00672,PROD0063,2,62540.86,35.73
ITEM002628,ORD00424,PROD0411,1,44004.8,46.63
ITEM002629,ORD01088,PROD0509,2,30303.5,20.1
ITEM002630,ORD00901,PROD0081,2,71199.96,25.48
ITEM002631,ORD01228,PROD0411,5,30347.78,17.66
ITEM002632,ORD01268,PROD0062,1,60208.31,27.23
ITEM002633,ORD00882,PROD0093,3,26075.2,14.59
ITEM002634,ORD01364,PROD0253,1,41433.81,43.04
ITEM002635,ORD00770,PROD0246,5,55752.67,9.3
ITEM002636,ORD00711,PROD0119,1,67385.74,12.3
ITEM002637,ORD01391,PROD0044,2,66271.31,45.55
ITEM002638,ORD00966,PROD0498,2,34478.04,42.76
ITEM002639,ORD01116,PROD0432,4,51725.68,17.16
ITEM002640,ORD00511,PROD0303,2,61940.74,18.89
ITEM002641,ORD00523,PROD0263,1,24889.15,34.15
ITEM002642,ORD00157,PROD0036,1,17347.2,34.83
ITEM002643,ORD00663,PROD0210,3,38300.11,40.91
ITEM002644,ORD00614,PROD0420,3,44650.21,18.67
ITEM002645,ORD00255,PROD0039,2,23399.72,27.34
ITEM002646,ORD00278,PROD0503,2,28229.18,7.14
ITEM002647,ORD00860,PROD0214,4,1166.46,42.86
ITEM002648,ORD00210,PROD0270,3,7393.09,22.66
ITEM002649,ORD01084,PROD0593,2,63595.24,39.71
ITEM002650,ORD00045,PROD0590,4,40714.54,2.25
ITEM002651,ORD01015,PROD0412,3,31019.19,43.03
ITEM002652,ORD01351,PROD0004,5,46474.22,25.28
ITEM002653,ORD00570,PROD0522,4,44215.2,43.56
ITEM002654,ORD00719,PROD0115,2,36698.13,38.35
ITEM002655,ORD01102,PROD0465,2,86926.69,6.16
ITEM002656,ORD00545,PROD0202,1,5084.42,21.24
ITEM002657,ORD01133,PROD0574,1,15353.21,37.88
ITEM002658,ORD00555,PROD0036,2,14354.75,10.41
ITEM002659,ORD01032,PROD0536,1,54591.07,10.28
ITEM002660,ORD00963,PROD0454,3,54476.17,11.12
ITEM002661,ORD00480,PROD0220,4,26982.76,23.74
ITEM002662,ORD00029,PROD0258,1,5490.78,0.42
ITEM002663,ORD00026,PROD0116,3,47528.98,41.3
ITEM002664,ORD00859,PROD0024,2,58557.85,19.79
ITEM002665,ORD00715,PROD0271,2,89312.89,46.19
ITEM002666,ORD00139,PROD0175,2,31841.84,30.56
ITEM002667,ORD01484,PROD0365,4,61806.82,0.37
ITEM002668,ORD00573,PROD0068,1,53299.2,34.51
ITEM002669,ORD01413,PROD0279,1,47822.92,7.98
ITEM002670,ORD00761,PROD0246,5,60837.01,2.97
ITEM002671,ORD00989,PROD0317,1,50123.66,46.18
ITEM002672,ORD00296,PROD0284,5,79826.57,1.41
ITEM002673,ORD01496,PROD0572,4,51272.02,19.49
ITEM002674,ORD00524,PROD0589,4,31187.88,8.87
ITEM002675,ORD00161,PROD0508,3,82915.5,9.28
ITEM002676,ORD00029,PROD0272,2,35948.6,4.98
ITEM002677,ORD01093,PROD0053,1,45702.18,19.13
ITEM002678,ORD00884,PROD0102,4,56490.83,23.74
ITEM002679,ORD00306,PROD0560,4,30495.53,32.64
ITEM002680,ORD00115,PROD0156,1,28025.25,16.76
ITEM002681,ORD00485,PROD0401,4,66643.92,3.5
ITEM002682,ORD00739,PROD0202,4,5948.09,29.17
ITEM002683,ORD00021,PROD0348,4,45676.62,15.65
ITEM002684,ORD00123,PROD0099,4,31122.22,16.68
ITEM002685,ORD01154,PROD0013,1,71231.96,10.81
ITEM002686,ORD00946,PROD0092,2,79566.55,1.73
ITEM002687,ORD00925,PROD0176,2,1024.49,10.21
ITEM002688,ORD00780,PROD0580,1,54831.05,23.63
ITEM002689,ORD00155,PROD0400,4,43725.1,6.0
ITEM002690,ORD00520,PROD0324,3,10423.49,39.62
ITEM002691,ORD01016,PROD0114,5,50475.14,40.39
ITEM002692,ORD00141,PROD0486,1,23444.96,15.32
ITEM002693,ORD00834,PROD0056,2,37596.59,37.98
ITEM002694,ORD00601,PROD0135,2,17736.13,4.64
ITEM002695,ORD00814,PROD0016,2,44338.42,10.73
ITEM002696,ORD01204,PROD0277,1,4835.25,36.63
ITEM002697,ORD01361,PROD0018,5,45802.66,37.1
ITEM002698,ORD00914,PROD0486,2,22341.08,1.13
ITEM002699,ORD01382,PROD0188,4,34814.59,17.66
ITEM002700,ORD00194,PROD0231,2,7401.01,3.95
ITEM002701,ORD00954,PROD0308,5,20235.98,48.53
ITEM002702,ORD00275,PROD0277,3,7264.13,17.95
ITEM002703,ORD01107,PROD0360,1,72194.69,6.57
ITEM002704,ORD00218,PROD0589,1,33701.06,46.51
ITEM002705,ORD01191,PROD0094,2,83606.75,27.02
ITEM002706,ORD00829,PROD0293,5,10537.21,44.24
ITEM002707,ORD00523,PROD0491,5,53564.22,43.94
ITEM002708,ORD01053,PROD0432,2,45514.94,18.97
ITEM002709,ORD00121,PROD0010,5,62695.43,15.6
ITEM002710,ORD00531,PROD0025,5,12402.79,21.92
ITEM002711,ORD01347,PROD0571,1,12916.66,5.48
ITEM002712,ORD00067,PROD0503,3,42256.39,28.36
ITEM002713,ORD00176,PROD0448,3,39144.26,20.18
ITEM002714,ORD01488,PROD0542,2,19078.01,48.1
ITEM002715,ORD01281,PROD0131,2,20259.18,48.98
ITEM002716,ORD00571,PROD0554,3,54364.55,13.52
ITEM002717,ORD00081,PROD0517,2,50943.58,28.7
ITEM002718,ORD01081,PROD0421,3,8484.65,9.37
ITEM002719,ORD01464,PROD0010,2,46208.51,8.32
ITEM002720,ORD01489,PROD0504,2,81123.69,17.96
ITEM002721,ORD00674,PROD0002,2,29394.64,0.1
ITEM002722,ORD00043,PROD0019,5,74304.61,12.43
ITEM002723,ORD00598,PROD0413,4,35208.88,5.56
ITEM002724,ORD00010,PROD0004,5,58039.88,38.41
ITEM002725,ORD01164,PROD0093,1,20723.42,20.31
ITEM002726,ORD00006,PROD0024,5,72143.6,42.52
ITEM002727,ORD00788,PROD0582,2,50700.79,6.94
ITEM002728,ORD01013,PROD0207,4,983.26,29.1
ITEM002729,ORD01090,PROD0592,4,19477.53,30.89
ITEM002730,ORD00796,PROD0010,5,72367.95,16.84
ITEM002731,ORD01113,PROD0085,5,19443.34,50.0
ITEM002732,ORD00796,PROD0251,1,44335.01,46.07
ITEM002733,ORD01208,PROD0528,3,81597.05,12.45
ITEM002734,ORD00244,PROD0100,2,65073.4,4.12
ITEM002735,ORD00197,PROD0536,1,48627.92,33.11
ITEM002736,ORD01138,PROD0379,3,69125.06,7.08
ITEM002737,ORD01175,PROD0317,2,50538.72,9.46
ITEM002738,ORD00533,PROD0013,1,55880.09,16.2
ITEM002739,ORD00490,PROD0285,4,71609.57,22.32
ITEM002740,ORD00769,PROD0589,5,39767.7,14.17
ITEM002741,ORD01442,PROD0280,4,8095.69,7.41
ITEM002742,ORD00110,PROD0098,1,33266.93,13.35
ITEM002743,ORD01319,PROD0017,2,73028.51,26.95
ITEM002744,ORD00188,PROD0520,2,29439.99,32.63
ITEM002745,ORD01052,PROD0458,5,50061.0,14.45
ITEM002746,ORD00003,PROD0153,4,3853.92,26.54
ITEM002747,ORD01026,PROD0072,4,36350.0,16.24
ITEM002748,ORD00279,PROD0479,2,48646.08,17.93
ITEM002749,ORD00395,PROD0422,3,27512.9,46.53
ITEM002750,ORD00706,PROD0466,1,47686.4,4.36
ITEM002751,ORD01270,PROD0097,5,73154.47,27.58
ITEM002752,ORD00680,PROD0110,5,5586.81,20.93
ITEM002753,ORD00143,PROD0181,3,39022.25,0.89
ITEM002754,ORD01364,PROD0408,1,90047.55,3.04
ITEM002755,ORD01233,PROD0178,2,57467.6,21.32
ITEM002756,ORD00049,PROD0056,1,24791.85,12.12
ITEM002757,ORD00294,PROD0470,1,3909.38,36.17
ITEM002758,ORD00360,PROD0206,2,18766.0,49.51
ITEM002759,ORD01285,PROD0438,1,5145.35,6.25
ITEM002760,ORD01342,PROD0271,5,78941.45,0.58
ITEM002761,ORD00880,PROD0446,3,47064.64,40.74
ITEM002762,ORD01497,PROD0265,3,40106.86,2.3
ITEM002763,ORD00626,PROD0182,2,37820.03,20.95
ITEM002764,ORD00449,PROD0308,4,33243.19,1.26
ITEM002765,ORD01274,PROD0091,3,26692.41,18.3
ITEM002766,ORD01473,PROD0210,3,37350.14,7.45
ITEM002767,ORD00482,PROD0359,5,68189.75,4.15
ITEM002768,ORD00840,PROD0548,2,10351.85,15.89
ITEM002769,ORD00208,PROD0130,4,45067.75,9.16
ITEM002770,ORD00928,PROD0004,5,53741.52,20.92
ITEM002771,ORD00794,PROD0360,4,97861.85,42.8
ITEM002772,ORD00566,PROD0079,5,71661.72,44.19
ITEM002773,ORD00838,PROD0559,4,77253.08,42.22
ITEM002774,ORD01278,PROD0301,4,48201.11,4.03
ITEM002775,ORD00327,PROD0593,1,65247.49,18.08
ITEM002776,ORD00075,PROD0423,1,87459.15,15.17
ITEM002777,ORD01159,PROD0495,3,79788.4,6.28
ITEM002778,ORD00642,PROD0279,2,40934.73,15.36
ITEM002779,ORD00859,PROD0388,5,10370.17,5.52
ITEM002780,ORD00178,PROD0345,4,30427.71,30.23
ITEM002781,ORD00730,PROD0168,3,56401.32,39.28
ITEM002782,ORD00036,PROD0410,3,66760.51,32.14
ITEM002783,ORD00181,PROD0127,1,56426.54,30.62
ITEM002784,ORD00401,PROD0560,5,23772.81,7.34
ITEM002785,ORD00511,PROD0003,4,10754.84,11.27
ITEM002786,ORD01387,PROD0295,5,64379.25,25.13
ITEM002787,ORD00367,PROD0067,5,73305.91,29.33
ITEM002788,ORD00860,PROD0550,1,96169.8,20.26
ITEM002789,ORD00038,PROD0356,1,46955.46,49.65
ITEM002790,ORD00373,PROD0094,2,84008.96,18.55
ITEM002791,ORD00402,PROD0286,1,29335.28,9.32
ITEM002792,ORD00061,PROD0122,4,43903.47,30.57
ITEM002793,ORD01082,PROD0435,1,1037.49,11.99
ITEM002794,ORD00292,PROD0103,5,32392.09,49.37
ITEM002795,ORD00415,PROD0168,1,84724.95,10.08
ITEM002796,ORD01218,PROD0458,5,47858.2,31.14
ITEM002797,ORD00102,PROD0083,1,17027.11,1.62
ITEM002798,ORD00028,PROD0215,3,65008.76,23.74
ITEM002799,ORD00240,PROD0247,1,86485.06,24.82
ITEM002800,ORD00203,PROD0478,5,15087.43,39.03
ITEM002801,ORD00215,PROD0398,2,77386.2,47.0
ITEM002802,ORD01401,PROD0053,5,47832.85,29.09
ITEM002803,ORD00584,PROD0478,5,14292.27,18.23
ITEM002804,ORD00020,PROD0124,1,63813.28,21.88
ITEM002805,ORD00458,PROD0346,5,16477.2,5.97
ITEM002806,ORD00968,PROD0171,5,47561.85,43.36
ITEM002807,ORD00909,PROD0536,1,53467.89,38.97
ITEM002808,ORD01227,PROD0058,2,15291.93,47.27
ITEM002809,ORD00217,PROD0437,1,33819.8,25.6
ITEM002810,ORD01261,PROD0482,2,42544.13,10.14
ITEM002811,ORD01221,PROD0394,3,65789.17,38.74
ITEM002812,ORD01097,PROD0203,4,59500.47,11.33
ITEM002813,ORD00917,PROD0430,5,28801.81,44.98
ITEM002814,ORD00015,PROD0187,3,72809.29,33.69
ITEM002815,ORD01468,PROD0563,3,12778.24,23.28
ITEM002816,ORD01026,PROD0033,1,15535.66,12.84
ITEM002817,ORD00601,PROD0199,2,11041.54,19.76
ITEM002818,ORD00382,PROD0167,1,46990.25,1.9
ITEM002819,ORD00788,PROD0392,5,23029.47,22.79
ITEM002820,ORD00816,PROD0484,1,6383.11,22.12
ITEM002821,ORD01399,PROD0366,1,37810.81,34.5
ITEM002822,ORD00504,PROD0592,3,19050.4,46.98
ITEM002823,ORD00291,PROD0092,3,51455.71,5.77
ITEM002824,ORD00833,PROD0306,2,66719.53,0.22
ITEM002825,ORD00020,PROD0223,2,48871.34,48.96
ITEM002826,ORD01329,PROD0536,3,66760.37,7.83
ITEM002827,ORD00434,PROD0116,5,59121.94,11.11
ITEM002828,ORD00281,PROD0296,5,89102.88,25.17
ITEM002829,ORD00452,PROD0025,1,9585.72,5.36
ITEM002830,ORD00871,PROD0077,1,13004.68,11.43
ITEM002831,ORD00302,PROD0104,3,7676.6,18.85
ITEM002832,ORD01474,PROD0374,5,54794.13,34.91
ITEM002833,ORD00828,PROD0251,2,65828.28,46.79
ITEM002834,ORD00676,PROD0239,3,46880.69,4.67
ITEM002835,ORD00668,PROD0018,1,64471.41,13.81
ITEM002836,ORD01022,PROD0431,3,21114.61,7.77
ITEM002837,ORD01036,PROD0600,4,20660.63,6.11
ITEM002838,ORD00968,PROD0253,5,34493.79,37.22
ITEM002839,ORD00228,PROD0141,5,9208.59,45.29
ITEM002840,ORD01010,PROD0338,1,26442.22,29.61
ITEM002841,ORD01153,PROD0510,5,24807.85,18.11
ITEM002842,ORD00317,PROD0386,1,52580.63,40.6
ITEM002843,ORD00946,PROD0165,2,49144.74,0.94
ITEM002844,ORD00606,PROD0300,4,36570.9,42.13
ITEM002845,ORD00758,PROD0287,4,18178.45,23.43
ITEM002846,ORD00076,PROD0367,1,51310.06,1.37
ITEM002847,ORD00417,PROD0063,5,69302.67,18.08
ITEM002848,ORD00540,PROD0493,5,26960.78,37.63
ITEM002849,ORD00986,PROD0063,2,54253.06,15.9
ITEM002850,ORD00468,PROD0543,1,72056.69,44.43
ITEM002851,ORD00608,PROD0075,3,8884.42,16.22
ITEM002852,ORD00941,PROD0186,4,26935.06,28.13
ITEM002853,ORD00681,PROD0266,4,2421.39,20.14
ITEM002854,ORD00303,PROD0462,2,9158.6,41.7
ITEM002855,ORD00094,PROD0460,4,4194.27,6.81
ITEM002856,ORD00913,PROD0387,2,43726.85,47.28
ITEM002857,ORD01447,PROD0212,3,890.07,27.42
ITEM002858,ORD00822,PROD0488,4,61017.04,17.91
ITEM002859,ORD00257,PROD0224,5,48693.18,25.2
ITEM002860,ORD00974,PROD0054,4,73510.38,34.7
ITEM002861,ORD00540,PROD0530,5,72568.04,29.57
ITEM002862,ORD00479,PROD0181,1,47681.1,39.01
ITEM002863,ORD00482,PROD0266,1,1991.82,1.27
ITEM002864,ORD01075,PROD0149,4,38318.59,20.91
ITEM002865,ORD00172,PROD0336,5,21803.22,21.45
ITEM002866,ORD00528,PROD0010,3,50726.04,32.81
ITEM002867,ORD00659,PROD0422,4,25482.34,23.68
ITEM002868,ORD01220,PROD0475,4,7329.25,17.21
ITEM002869,ORD00326,PROD0447,1,12460.22,43.13
ITEM002870,ORD00495,PROD0540,3,35043.69,9.05
ITEM002871,ORD00431,PROD0413,2,40416.6,10.31
ITEM002872,ORD00123,PROD0181,2,53896.38,7.36
ITEM002873,ORD00212,PROD0109,1,19170.69,41.51
ITEM002874,ORD01334,PROD0502,4,59532.91,48.44
ITEM002875,ORD00219,PROD0434,2,13111.87,14.73
ITEM002876,ORD01264,PROD0557,3,21468.61,13.41
ITEM002877,ORD01132,PROD0414,5,34422.06,1.62
ITEM002878,ORD00360,PROD0107,4,14850.78,0.39
ITEM002879,ORD01198,PROD0184,2,28942.6,9.01
ITEM002880,ORD00847,PROD0583,5,15642.98,49.84
ITEM002881,ORD00546,PROD0189,4,14949.48,41.44
ITEM002882,ORD00125,PROD0433,5,26825.38,3.57
ITEM002883,ORD00952,PROD0020,2,1907.7,4.02
ITEM002884,ORD00398,PROD0457,1,62592.16,34.26
ITEM002885,ORD00068,PROD0299,5,52373.72,9.24
ITEM002886,ORD00940,PROD0188,3,39956.48,18.84
ITEM002887,ORD00459,PROD0116,4,46417.62,13.93
ITEM002888,ORD00909,PROD0444,2,51132.97,0.27
ITEM002889,ORD00456,PROD0577,1,15416.21,37.81
ITEM002890,ORD00666,PROD0267,1,5885.51,17.49
ITEM002891,ORD01493,PROD0564,3,49753.52,30.18
ITEM002892,ORD01239,PROD0231,2,7364.68,7.9
ITEM002893,ORD01011,PROD0185,5,9413.84,8.0
ITEM002894,ORD01173,PROD0121,4,26652.95,32.61
ITEM002895,ORD00612,PROD0577,4,10062.51,41.52
ITEM002896,ORD01472,PROD0430,4,22336.35,16.56
ITEM002897,ORD00352,PROD0465,2,74615.63,15.19
ITEM002898,ORD00421,PROD0501,3,8695.72,31.33
ITEM002899,ORD00766,PROD0024,4,64450.67,25.28
ITEM002900,ORD01119,PROD0446,3,66314.49,20.93
ITEM002901,ORD01015,PROD0373,4,69170.4,1.09
ITEM002902,ORD00092,PROD0559,1,84139.58,46.12
ITEM002903,ORD01158,PROD0176,5,987.84,9.31
ITEM002904,ORD00160,PROD0381,3,28324.64,11.91
ITEM002905,ORD00067,PROD0287,3,16074.44,45.69
ITEM002906,ORD01198,PROD0231,2,9274.39,17.42
ITEM002907,ORD00395,PROD0254,2,59110.31,47.87
ITEM002908,ORD00502,PROD0367,1,38949.31,40.48
ITEM002909,ORD01336,PROD0340,3,55392.59,2.97
ITEM002910,ORD01267,PROD0232,3,3013.31,39.81
ITEM002911,ORD01399,PROD0035,2,27955.09,29.04
ITEM002912,ORD01136,PROD0574,3,14637.92,10.41
ITEM002913,ORD00397,PROD0252,2,25934.22,14.73
ITEM002914,ORD00505,PROD0404,2,36992.04,6.61
ITEM002915,ORD01101,PROD0028,3,14055.92,37.02
ITEM002916,ORD01322,PROD0237,1,2114.01,48.3
ITEM002917,ORD00552,PROD0277,1,4905.34,28.99
ITEM002918,ORD00910,PROD0342,5,54712.74,45.38
ITEM002919,ORD01253,PROD0138,1,48839.12,12.14
ITEM002920,ORD01017,PROD0412,2,20990.28,22.99
ITEM002921,ORD01205,PROD0381,3,18605.58,45.32
ITEM002922,ORD00787,PROD0187,5,82185.66,13.41
ITEM002923,ORD00191,PROD0580,2,59251.16,17.09
ITEM002924,ORD00201,PROD0136,2,20172.36,3.8
ITEM002925,ORD00470,PROD0103,4,32136.67,36.13
ITEM002926,ORD00263,PROD0434,3,17377.66,7.56
ITEM002927,ORD01042,PROD0409,3,322.78,44.86
ITEM002928,ORD00291,PROD0027,5,39038.48,22.43
ITEM002929,ORD00469,PROD0028,1,14109.04,7.92
ITEM002930,ORD01092,PROD0276,3,39842.44,13.52
ITEM002931,ORD00392,PROD0171,1,34910.35,34.55
ITEM002932,ORD00680,PROD0364,1,801.41,13.55
ITEM002933,ORD01475,PROD0143,1,4106.25,5.25
ITEM002934,ORD00487,PROD0051,5,49639.45,24.26
ITEM002935,ORD01211,PROD0473,2,42001.51,30.27
ITEM002936,ORD00260,PROD0384,3,93133.61,7.67
ITEM002937,ORD00192,PROD0514,5,52816.01,40.93
ITEM002938,ORD01287,PROD0330,5,73441.1,29.54
ITEM002939,ORD00016,PROD0310,5,6661.92,2.07
ITEM002940,ORD01010,PROD0392,5,20775.17,10.45
ITEM002941,ORD00481,PROD0175,5,27255.53,27.91
ITEM002942,ORD00726,PROD0098,3,39310.79,47.14
ITEM002943,ORD00340,PROD0349,4,51281.49,33.28
ITEM002944,ORD00888,PROD0282,1,58837.62,16.68
ITEM002945,ORD01032,PROD0368,5,66266.02,41.48
ITEM002946,ORD01109,PROD0176,3,1496.3,35.53
ITEM002947,ORD00979,PROD0139,4,69358.02,0.9
ITEM002948,ORD01041,PROD0273,4,29297.71,32.92
ITEM002949,ORD00345,PROD0372,3,16406.13,43.11
ITEM002950,ORD01306,PROD0327,3,28363.4,29.28
ITEM002951,ORD00346,PROD0569,2,1491.14,43.48
ITEM002952,ORD00018,PROD0109,5,13092.32,36.47
ITEM002953,ORD01360,PROD0416,2,30199.1,49.44
ITEM002954,ORD00916,PROD0177,5,70721.65,29.45
ITEM002955,ORD00516,PROD0185,1,5932.16,47.29
ITEM002956,ORD00333,PROD0252,3,16191.03,28.49
ITEM002957,ORD00359,PROD0012,1,39119.95,32.76
ITEM002958,ORD00808,PROD0175,4,18984.5,20.5
ITEM002959,ORD00001,PROD0269,3,27056.91,2.63
ITEM002960,ORD01190,PROD0370,4,48539.64,3.34
ITEM002961,ORD00584,PROD0041,1,85544.95,30.73
ITEM002962,ORD00103,PROD0087,5,19681.52,18.54
ITEM002963,ORD00412,PROD0552,5,7664.68,8.02
ITEM002964,ORD00950,PROD0096,1,13223.53,11.11
ITEM002965,ORD00012,PROD0048,4,68583.31,46.59
ITEM002966,ORD00295,PROD0473,4,53276.69,16.02
ITEM002967,ORD00576,PROD0410,1,70800.59,37.42
ITEM002968,ORD00113,PROD0486,4,29254.02,19.55
ITEM002969,ORD00448,PROD0539,3,45498.85,28.62
ITEM002970,ORD00468,PROD0475,2,5392.4,21.18
ITEM002971,ORD00911,PROD0436,2,76501.36,33.66
ITEM002972,ORD00422,PROD0203,4,50955.74,32.15
ITEM002973,ORD01265,PROD0266,3,2456.05,48.25
ITEM002974,ORD00614,PROD0141,2,8954.36,19.45
ITEM002975,ORD00566,PROD0295,1,65637.01,9.83
ITEM002976,ORD00366,PROD0476,4,52202.38,19.42
ITEM002977,ORD00742,PROD0489,4,15763.24,37.6
ITEM002978,ORD00865,PROD0214,3,1570.68,9.0
ITEM002979,ORD00093,PROD0285,4,89047.3,23.67
ITEM002980,ORD00697,PROD0103,5,35726.04,0.99
ITEM002981,ORD00178,PROD0507,5,70935.29,9.44
ITEM002982,ORD00614,PROD0188,1,39309.87,14.35
ITEM002983,ORD00449,PROD0456,3,46301.58,13.37
ITEM002984,ORD01017,PROD0173,2,48630.68,21.42
ITEM002985,ORD00687,PROD0202,5,5581.16,28.63
ITEM002986,ORD00919,PROD0584,1,12555.69,43.71
ITEM002987,ORD01098,PROD0379,2,71297.51,38.05
ITEM002988,ORD00857,PROD0573,5,2536.84,34.41
ITEM002989,ORD00355,PROD0203,5,63122.38,35.3
ITEM002990,ORD00130,PROD0013,1,64079.34,11.36
ITEM002991,ORD00691,PROD0321,4,44322.63,13.4
ITEM002992,ORD00188,PROD0401,3,49946.25,39.01
ITEM002993,ORD01236,PROD0017,1,68303.15,11.02
ITEM002994,ORD01093,PROD0080,3,73000.97,2.5
ITEM002995,ORD01001,PROD0421,1,8593.95,22.78
ITEM002996,ORD01071,PROD0269,3,18930.91,2.56
ITEM002997,ORD01491,PROD0385,1,18934.8,22.57
ITEM002998,ORD01335,PROD0360,4,66531.66,20.7
ITEM002999,ORD00958,PROD0135,4,22156.49,20.21
ITEM003000,ORD00138,PROD0377,3,77936.56,4.36
